timestamp,underlying,type,strike,expiry,last,bid,ask,volume,oi,iv,delta,gamma,theta,vega
20251212 20:16,AAPL,call,110.0,2025-12-12,167.65,nan,nan,nan,nan,0.0,0.0,0.0,0.0,0.0
20251212 20:16,AAPL,put,110.0,2025-12-12,0.01,0.0,0.0,1.0,2,0.500005,0.0,0.0,0.0,0.0
20251212 20:16,AAPL,call,120.0,2025-12-12,154.48,0.0,0.0,nan,1.0,1.0000000000000003e-05,0.0,0.0,0.0,0.0
20251212 20:16,AAPL,put,120.0,2025-12-12,0.01,0.0,0.0,nan,1,0.500005,0.0,0.0,0.0,0.0
20251212 20:16,AAPL,put,125.0,2025-12-12,0.01,0.0,0.0,1.0,1,0.500005,0.0,0.0,0.0,0.0
20251212 20:16,AAPL,put,135.0,2025-12-12,0.01,0.0,0.0,1.0,1,0.500005,0.0,0.0,0.0,0.0
20251212 20:16,AAPL,put,145.0,2025-12-12,0.01,0.0,0.0,1.0,10,0.500005,0.0,0.0,0.0,0.0
20251212 20:16,AAPL,call,150.0,2025-12-12,127.5,0.0,0.0,1.0,2.0,1.0000000000000003e-05,0.0,0.0,0.0,0.0
20251212 20:16,AAPL,call,155.0,2025-12-12,123.05,0.0,0.0,1.0,1.0,1.0000000000000003e-05,0.0,0.0,0.0,0.0
20251212 20:16,AAPL,put,155.0,2025-12-12,0.01,0.0,0.0,2.0,41,0.500005,0.0,0.0,0.0,0.0
20251212 20:16,AAPL,call,160.0,2025-12-12,118.22,0.0,0.0,2.0,3.0,1.0000000000000003e-05,0.0,0.0,0.0,0.0
20251212 20:16,AAPL,call,165.0,2025-12-12,113.27,nan,nan,nan,nan,0.0,0.0,0.0,0.0,0.0
20251212 20:16,AAPL,put,165.0,2025-12-12,0.01,0.0,0.0,5.0,5,0.500005,0.0,0.0,0.0,0.0
20251212 20:16,AAPL,call,170.0,2025-12-12,105.49,0.0,0.0,2.0,3.0,1.0000000000000003e-05,0.0,0.0,0.0,0.0
20251212 20:16,AAPL,put,170.0,2025-12-12,0.01,0.0,0.0,2.0,79,0.500005,0.0,0.0,0.0,0.0
20251212 20:16,AAPL,put,175.0,2025-12-12,0.03,0.0,0.0,nan,10,0.500005,0.0,0.0,0.0,0.0
20251212 20:16,AAPL,call,180.0,2025-12-12,97.82,0.0,0.0,2.0,1.0,1.0000000000000003e-05,0.0,0.0,0.0,0.0
20251212 20:16,AAPL,put,180.0,2025-12-12,0.04,0.0,0.0,2.0,25,1.000005,0.0,0.0,0.0,0.0
20251212 20:16,AAPL,call,185.0,2025-12-12,92.93,0.0,0.0,2.0,2.0,1.0000000000000003e-05,0.0,0.0,0.0,0.0
20251212 20:16,AAPL,put,185.0,2025-12-12,0.01,0.0,0.0,12.0,28,0.500005,0.0,0.0,0.0,0.0
20251212 20:16,AAPL,call,190.0,2025-12-12,88.23,0.0,0.0,1.0,2.0,1.0000000000000003e-05,0.0,0.0,0.0,0.0
20251212 20:16,AAPL,put,190.0,2025-12-12,0.01,0.0,0.0,2.0,96,0.500005,0.0,0.0,0.0,0.0
20251212 20:16,AAPL,call,195.0,2025-12-12,83.0,0.0,0.0,2.0,3.0,1.0000000000000003e-05,0.0,0.0,0.0,0.0
20251212 20:16,AAPL,put,195.0,2025-12-12,0.01,0.0,0.0,1.0,118,0.500005,0.0,0.0,0.0,0.0
20251212 20:16,AAPL,call,200.0,2025-12-12,77.7,0.0,0.0,2.0,83.0,1.0000000000000003e-05,0.0,0.0,0.0,0.0
20251212 20:16,AAPL,put,200.0,2025-12-12,0.01,0.0,0.0,1.0,2188,0.500005,0.0,0.0,0.0,0.0
20251212 20:16,AAPL,call,205.0,2025-12-12,73.18,0.0,0.0,2.0,6.0,1.0000000000000003e-05,0.0,0.0,0.0,0.0
20251212 20:16,AAPL,put,205.0,2025-12-12,0.01,0.0,0.0,41.0,208,0.500005,0.0,0.0,0.0,0.0
20251212 20:16,AAPL,call,210.0,2025-12-12,67.98,0.0,0.0,15.0,156.0,1.0000000000000003e-05,0.0,0.0,0.0,0.0
20251212 20:16,AAPL,put,210.0,2025-12-12,0.01,0.0,0.0,2.0,187,0.500005,0.0,0.0,0.0,0.0
20251212 20:16,AAPL,call,215.0,2025-12-12,63.22,0.0,0.0,13.0,8.0,1.0000000000000003e-05,0.0,0.0,0.0,0.0
20251212 20:16,AAPL,put,215.0,2025-12-12,0.01,0.0,0.0,2.0,156,0.500005,0.0,0.0,0.0,0.0
20251212 20:16,AAPL,call,220.0,2025-12-12,57.9,0.0,0.0,57.0,137.0,1.0000000000000003e-05,0.0,0.0,0.0,0.0
20251212 20:16,AAPL,put,220.0,2025-12-12,0.01,0.0,0.0,5.0,378,0.500005,0.0,0.0,0.0,0.0
20251212 20:16,AAPL,put,222.5,2025-12-12,0.01,0.0,0.0,1.0,244,0.500005,0.0,0.0,0.0,0.0
20251212 20:16,AAPL,call,225.0,2025-12-12,52.85,0.0,0.0,90.0,199.0,1.0000000000000003e-05,0.0,0.0,0.0,0.0
20251212 20:16,AAPL,put,225.0,2025-12-12,0.01,0.0,0.0,10.0,271,0.500005,0.0,0.0,0.0,0.0
20251212 20:16,AAPL,call,227.5,2025-12-12,51.42,0.0,0.0,18.0,20.0,1.0000000000000003e-05,0.0,0.0,0.0,0.0
20251212 20:16,AAPL,put,227.5,2025-12-12,0.01,0.0,0.0,1.0,567,0.500005,0.0,0.0,0.0,0.0
20251212 20:16,AAPL,call,230.0,2025-12-12,47.82,0.0,0.0,27.0,144.0,1.0000000000000003e-05,0.0,0.0,0.0,0.0
20251212 20:16,AAPL,put,230.0,2025-12-12,0.01,0.0,0.0,100.0,469,0.500005,0.0,0.0,0.0,0.0
20251212 20:16,AAPL,call,232.5,2025-12-12,45.13,0.0,0.0,1.0,811.0,1.0000000000000003e-05,0.0,0.0,0.0,0.0
20251212 20:16,AAPL,put,232.5,2025-12-12,0.01,0.0,0.0,314.0,469,0.500005,0.0,0.0,0.0,0.0
20251212 20:16,AAPL,call,235.0,2025-12-12,42.95,0.0,0.0,67.0,308.0,1.0000000000000003e-05,0.0,0.0,0.0,0.0
20251212 20:16,AAPL,put,235.0,2025-12-12,0.01,0.0,0.0,79.0,941,0.500005,0.0,0.0,0.0,0.0
20251212 20:16,AAPL,call,240.0,2025-12-12,37.86,0.0,0.0,597.0,1985.0,1.0000000000000003e-05,0.0,0.0,0.0,0.0
20251212 20:16,AAPL,put,240.0,2025-12-12,0.01,0.0,0.0,1.0,1129,0.500005,0.0,0.0,0.0,0.0
20251212 20:16,AAPL,call,245.0,2025-12-12,33.02,0.0,0.0,23.0,193.0,1.0000000000000003e-05,0.0,0.0,0.0,0.0
20251212 20:16,AAPL,put,245.0,2025-12-12,0.01,0.0,0.0,2.0,2907,0.500005,0.0,0.0,0.0,0.0
20251212 20:16,AAPL,call,247.5,2025-12-12,29.97,0.0,0.0,9.0,102.0,1.0000000000000003e-05,0.0,0.0,0.0,0.0
20251212 20:16,AAPL,put,247.5,2025-12-12,0.01,0.0,0.0,21.0,440,0.500005,0.0,0.0,0.0,0.0
20251212 20:16,AAPL,call,250.0,2025-12-12,27.75,0.0,0.0,28.0,1012.0,1.0000000000000003e-05,0.0,0.0,0.0,0.0
20251212 20:16,AAPL,put,250.0,2025-12-12,0.01,0.0,0.0,140.0,3873,0.500005,0.0,0.0,0.0,0.0
20251212 20:16,AAPL,call,252.5,2025-12-12,25.23,0.0,0.0,2.0,170.0,1.0000000000000003e-05,0.0,0.0,0.0,0.0
20251212 20:16,AAPL,put,252.5,2025-12-12,0.01,0.0,0.0,5.0,691,0.500005,0.0,0.0,0.0,0.0
20251212 20:16,AAPL,call,255.0,2025-12-12,22.81,0.0,0.0,230.0,1507.0,1.0000000000000003e-05,0.0,0.0,0.0,0.0
20251212 20:16,AAPL,put,255.0,2025-12-12,0.01,0.0,0.0,79.0,2293,0.500005,0.0,0.0,0.0,0.0
20251212 20:16,AAPL,call,257.5,2025-12-12,20.3,0.0,0.0,9.0,63.0,1.0000000000000003e-05,0.0,0.0,0.0,0.0
20251212 20:16,AAPL,put,257.5,2025-12-12,0.02,0.0,0.0,86.0,1866,0.2500075,0.0,0.0,0.0,0.0
20251212 20:16,AAPL,call,260.0,2025-12-12,17.91,0.0,0.0,263.0,775.0,1.0000000000000003e-05,0.0,0.0,0.0,0.0
20251212 20:16,AAPL,put,260.0,2025-12-12,0.01,0.0,0.0,446.0,3845,0.2500075,0.0,0.0,0.0,0.0
20251212 20:16,AAPL,call,262.5,2025-12-12,15.4,0.0,0.0,9.0,102.0,1.0000000000000003e-05,0.0,0.0,0.0,0.0
20251212 20:16,AAPL,put,262.5,2025-12-12,0.03,0.0,0.0,792.0,4291,0.2500075,0.0,0.0,0.0,0.0
20251212 20:16,AAPL,call,265.0,2025-12-12,12.95,0.0,0.0,90.0,1611.0,1.0000000000000003e-05,0.0,0.0,0.0,0.0
20251212 20:16,AAPL,put,265.0,2025-12-12,0.02,0.0,0.0,2386.0,3897,0.2500075,0.0,0.0,0.0,0.0
20251212 20:16,AAPL,call,267.5,2025-12-12,10.74,0.0,0.0,395.0,1564.0,1.0000000000000003e-05,0.0,0.0,0.0,0.0
20251212 20:16,AAPL,put,267.5,2025-12-12,0.03,0.0,0.0,6665.0,6514,0.12500875,0.0,0.0,0.0,0.0
20251212 20:16,AAPL,call,270.0,2025-12-12,8.08,0.0,0.0,2354.0,2502.0,1.0000000000000003e-05,0.0,0.0,0.0,0.0
20251212 20:16,AAPL,put,270.0,2025-12-12,0.04,0.0,0.0,20123.0,10244,0.12500875,0.0,0.0,0.0,0.0
20251212 20:16,AAPL,call,272.5,2025-12-12,5.5,0.0,0.0,3946.0,2276.0,1.0000000000000003e-05,0.0,0.0,0.0,0.0
20251212 20:16,AAPL,put,272.5,2025-12-12,0.08,0.0,0.0,29432.0,7276,0.12500875,0.0,0.0,0.0,0.0
20251212 20:16,AAPL,call,275.0,2025-12-12,3.43,0.0,0.0,28961.0,6211.0,1.0000000000000003e-05,0.0,0.0,0.0,0.0
20251212 20:16,AAPL,put,275.0,2025-12-12,0.26,0.0,0.0,47372.0,7803,0.062509375,0.0,0.0,0.0,0.0
20251212 20:16,AAPL,call,277.5,2025-12-12,1.51,0.0,0.0,48438.0,11385.0,1.0000000000000003e-05,0.0,0.0,0.0,0.0
20251212 20:16,AAPL,put,277.5,2025-12-12,0.83,0.0,0.0,19639.0,6891,0.015634843750000002,0.0,0.0,0.0,0.0
20251212 20:16,AAPL,call,280.0,2025-12-12,0.41,0.0,0.0,88094.0,36748.0,0.0312596875,0.0,0.0,0.0,0.0
20251212 20:16,AAPL,put,280.0,2025-12-12,2.35,0.0,0.0,4250.0,5832,1.0000000000000003e-05,0.0,0.0,0.0,0.0
20251212 20:16,AAPL,call,282.5,2025-12-12,0.08,0.0,0.0,48818.0,23292.0,0.062509375,0.0,0.0,0.0,0.0
20251212 20:16,AAPL,put,282.5,2025-12-12,4.44,0.0,0.0,766.0,1183,1.0000000000000003e-05,0.0,0.0,0.0,0.0
20251212 20:16,AAPL,call,285.0,2025-12-12,0.03,0.0,0.0,20387.0,28050.0,0.12500875,0.0,0.0,0.0,0.0
20251212 20:16,AAPL,put,285.0,2025-12-12,6.9,0.0,0.0,217.0,495,1.0000000000000003e-05,0.0,0.0,0.0,0.0
20251212 20:16,AAPL,call,287.5,2025-12-12,0.01,0.0,0.0,9044.0,30417.0,0.12500875,0.0,0.0,0.0,0.0
20251212 20:16,AAPL,put,287.5,2025-12-12,9.45,0.0,0.0,3455.0,26,1.0000000000000003e-05,0.0,0.0,0.0,0.0
20251212 20:16,AAPL,call,290.0,2025-12-12,0.01,0.0,0.0,8718.0,39510.0,0.2500075,0.0,0.0,0.0,0.0
20251212 20:16,AAPL,put,290.0,2025-12-12,12.35,0.0,0.0,201.0,49,1.0000000000000003e-05,0.0,0.0,0.0,0.0
20251212 20:16,AAPL,call,292.5,2025-12-12,0.01,0.0,0.0,1910.0,6452.0,0.2500075,0.0,0.0,0.0,0.0
20251212 20:16,AAPL,put,292.5,2025-12-12,14.23,0.0,0.0,1.0,6,1.0000000000000003e-05,0.0,0.0,0.0,0.0
20251212 20:16,AAPL,call,295.0,2025-12-12,0.01,0.0,0.0,330.0,9057.0,0.2500075,0.0,0.0,0.0,0.0
20251212 20:16,AAPL,put,295.0,2025-12-12,17.5,0.0,0.0,4.0,1,1.0000000000000003e-05,0.0,0.0,0.0,0.0
20251212 20:16,AAPL,call,297.5,2025-12-12,0.01,0.0,0.0,175.0,2973.0,0.2500075,0.0,0.0,0.0,0.0
20251212 20:16,AAPL,put,297.5,2025-12-12,20.01,0.0,0.0,4.0,0,1.0000000000000003e-05,0.0,0.0,0.0,0.0
20251212 20:16,AAPL,call,300.0,2025-12-12,0.01,0.0,0.0,61.0,10879.0,0.2500075,0.0,0.0,0.0,0.0
20251212 20:16,AAPL,put,300.0,2025-12-12,21.75,0.0,0.0,48.0,3,1.0000000000000003e-05,0.0,0.0,0.0,0.0
20251212 20:16,AAPL,call,302.5,2025-12-12,0.01,0.0,0.0,51.0,258.0,0.2500075,0.0,0.0,0.0,0.0
20251212 20:16,AAPL,call,305.0,2025-12-12,0.01,0.0,0.0,12.0,1929.0,0.500005,0.0,0.0,0.0,0.0
20251212 20:16,AAPL,put,305.0,2025-12-12,28.37,0.0,0.0,2.0,1,1.0000000000000003e-05,0.0,0.0,0.0,0.0
20251212 20:16,AAPL,call,307.5,2025-12-12,0.01,0.0,0.0,5.0,276.0,0.500005,0.0,0.0,0.0,0.0
20251212 20:16,AAPL,call,310.0,2025-12-12,0.01,0.0,0.0,5.0,1999.0,0.500005,0.0,0.0,0.0,0.0
20251212 20:16,AAPL,put,310.0,2025-12-12,32.83,0.0,0.0,1.0,0,1.0000000000000003e-05,0.0,0.0,0.0,0.0
20251212 20:16,AAPL,call,315.0,2025-12-12,0.01,0.0,0.0,2.0,1288.0,0.500005,0.0,0.0,0.0,0.0
20251212 20:16,AAPL,put,315.0,2025-12-12,30.43,0.0,0.0,1.0,0,1.0000000000000003e-05,0.0,0.0,0.0,0.0
20251212 20:16,AAPL,call,320.0,2025-12-12,0.01,0.0,0.0,2.0,380.0,0.500005,0.0,0.0,0.0,0.0
20251212 20:16,AAPL,call,325.0,2025-12-12,0.01,0.0,0.0,5.0,222.0,0.500005,0.0,0.0,0.0,0.0
20251212 20:16,AAPL,call,330.0,2025-12-12,0.01,0.0,0.0,52.0,99.0,0.500005,0.0,0.0,0.0,0.0
20251212 20:16,AAPL,call,335.0,2025-12-12,0.01,0.0,0.0,11.0,45.0,0.500005,0.0,0.0,0.0,0.0
20251212 20:16,AAPL,call,340.0,2025-12-12,0.01,0.0,0.0,100.0,160.0,0.500005,0.0,0.0,0.0,0.0
20251212 20:16,AAPL,call,345.0,2025-12-12,0.01,0.0,0.0,2.0,11.0,0.500005,0.0,0.0,0.0,0.0
20251212 20:16,AAPL,call,350.0,2025-12-12,0.01,0.0,0.0,4.0,23.0,0.500005,0.0,0.0,0.0,0.0
20251212 20:16,AAPL,call,355.0,2025-12-12,0.01,nan,nan,nan,nan,0.0,0.0,0.0,0.0,0.0
20251212 20:16,AAPL,call,365.0,2025-12-12,0.01,0.0,0.0,1.0,4.0,0.500005,0.0,0.0,0.0,0.0
20251212 20:16,AAPL,call,370.0,2025-12-12,0.01,0.0,0.0,3.0,3.0,0.500005,0.0,0.0,0.0,0.0
20251212 20:16,AAPL,put,375.0,2025-12-12,101.4,0.0,0.0,nan,0,1.0000000000000003e-05,0.0,0.0,0.0,0.0
20251212 20:16,AAPL,call,380.0,2025-12-12,0.01,0.0,0.0,1.0,3.0,0.500005,0.0,0.0,0.0,0.0
20251212 20:16,AAPL,put,380.0,2025-12-12,106.42,0.0,0.0,nan,0,1.0000000000000003e-05,0.0,0.0,0.0,0.0
20251212 20:16,AAPL,call,390.0,2025-12-12,0.01,0.0,0.0,1.0,2.0,0.500005,0.0,0.0,0.0,0.0
20251212 20:16,AAPL,call,400.0,2025-12-12,0.01,0.0,0.0,21.0,36.0,0.500005,0.0,0.0,0.0,0.0
20251212 20:16,AAPL,call,5.0,2025-12-19,272.83,0.0,0.0,53.0,255,1.0000000000000003e-05,0.0,0.0,0.0,0.0
20251212 20:16,AAPL,put,5.0,2025-12-19,0.01,0.0,0.0,1.0,4888,0.500005,0.0,0.0,0.0,0.0
20251212 20:16,AAPL,call,10.0,2025-12-19,268.35,0.0,0.0,30.0,107,1.0000000000000003e-05,0.0,0.0,0.0,0.0
20251212 20:16,AAPL,put,10.0,2025-12-19,0.01,0.0,0.01,5.0,89,6.7500015625000005,0.0,0.0,0.0,0.0
20251212 20:16,AAPL,call,15.0,2025-12-19,253.5,0.0,0.0,5.0,0,1.0000000000000003e-05,0.0,0.0,0.0,0.0
20251212 20:16,AAPL,put,15.0,2025-12-19,0.01,0.0,0.01,1.0,3,5.87500265625,0.0,0.0,0.0,0.0
20251212 20:16,AAPL,call,20.0,2025-12-19,247.25,0.0,0.0,100.0,10,1.0000000000000003e-05,0.0,0.0,0.0,0.0
20251212 20:16,AAPL,put,20.0,2025-12-19,0.01,0.0,0.01,14.0,53,5.250003437499999,0.0,0.0,0.0,0.0
20251212 20:16,AAPL,call,25.0,2025-12-19,245.7,0.0,0.0,3.0,3,1.0000000000000003e-05,0.0,0.0,0.0,0.0
20251212 20:16,AAPL,put,25.0,2025-12-19,0.02,0.0,0.01,4.0,6,4.7500040624999995,0.0,0.0,0.0,0.0
20251212 20:16,AAPL,call,30.0,2025-12-19,241.24,0.0,0.0,4.0,0,1.0000000000000003e-05,0.0,0.0,0.0,0.0
20251212 20:16,AAPL,put,30.0,2025-12-19,0.02,0.0,0.01,7.0,153,4.375004531249999,0.0,0.0,0.0,0.0
20251212 20:16,AAPL,call,35.0,2025-12-19,236.07,0.0,0.0,6.0,0,1.0000000000000003e-05,0.0,0.0,0.0,0.0
20251212 20:16,AAPL,put,35.0,2025-12-19,0.01,0.0,0.05,15.0,10,4.6562541796875,0.0,0.0,0.0,0.0
20251212 20:16,AAPL,call,40.0,2025-12-19,230.91,0.0,0.0,1.0,4,1.0000000000000003e-05,0.0,0.0,0.0,0.0
20251212 20:16,AAPL,put,40.0,2025-12-19,0.01,0.0,0.02,5.0,3050,4.062504921875,0.0,0.0,0.0,0.0
20251212 20:16,AAPL,call,45.0,2025-12-19,223.7,0.0,0.0,1.0,1,1.0000000000000003e-05,0.0,0.0,0.0,0.0
20251212 20:16,AAPL,put,45.0,2025-12-19,0.01,0.0,0.03,2.0,308,3.93750015625,0.0,0.0,0.0,0.0
20251212 20:16,AAPL,call,50.0,2025-12-19,220.14,0.0,0.0,1.0,161,1.0000000000000003e-05,0.0,0.0,0.0,0.0
20251212 20:16,AAPL,put,50.0,2025-12-19,0.01,0.0,0.0,1.0,6843,0.500005,0.0,0.0,0.0,0.0
20251212 20:16,AAPL,call,55.0,2025-12-19,214.22,229.35,232.9,1.0,80,9.1391644442749,0.0,0.0,0.0,0.0
20251212 20:16,AAPL,put,55.0,2025-12-19,0.01,0.0,0.0,1.0,628,0.500005,0.0,0.0,0.0,0.0
20251212 20:16,AAPL,call,60.0,2025-12-19,212.15,0.0,0.0,5.0,196,1.0000000000000003e-05,0.0,0.0,0.0,0.0
20251212 20:16,AAPL,put,60.0,2025-12-19,0.02,0.0,0.21,1.0,733,3.97656255859375,0.0,0.0,0.0,0.0
20251212 20:16,AAPL,call,65.0,2025-12-19,206.5,0.0,0.0,4.0,224,1.0000000000000003e-05,0.0,0.0,0.0,0.0
20251212 20:16,AAPL,put,65.0,2025-12-19,0.01,0.0,0.01,1.0,2196,2.8750028125,0.0,0.0,0.0,0.0
20251212 20:16,AAPL,call,70.0,2025-12-19,197.95,0.0,0.0,120.0,824,1.0000000000000003e-05,0.0,0.0,0.0,0.0
20251212 20:16,AAPL,put,70.0,2025-12-19,0.01,0.0,0.0,1.0,1275,0.500005,0.0,0.0,0.0,0.0
20251212 20:16,AAPL,call,75.0,2025-12-19,197.59,0.0,0.0,11.0,192,1.0000000000000003e-05,0.0,0.0,0.0,0.0
20251212 20:16,AAPL,put,75.0,2025-12-19,0.01,0.0,0.02,135.0,3653,2.750003125,0.0,0.0,0.0,0.0
20251212 20:16,AAPL,call,80.0,2025-12-19,194.75,0.0,0.0,1.0,201,1.0000000000000003e-05,0.0,0.0,0.0,0.0
20251212 20:16,AAPL,put,80.0,2025-12-19,0.02,0.0,0.05,2.0,2420,2.8281279296874997,0.0,0.0,0.0,0.0
20251212 20:16,AAPL,call,85.0,2025-12-19,195.23,0.0,0.0,1.0,382,1.0000000000000003e-05,0.0,0.0,0.0,0.0
20251212 20:16,AAPL,put,85.0,2025-12-19,0.01,0.0,0.21,1.0,1879,3.0937522656249996,0.0,0.0,0.0,0.0
20251212 20:16,AAPL,call,90.0,2025-12-19,188.0,0.0,0.0,5.0,279,1.0000000000000003e-05,0.0,0.0,0.0,0.0
20251212 20:16,AAPL,put,90.0,2025-12-19,0.01,0.0,0.01,3.0,1885,2.2500043749999996,0.0,0.0,0.0,0.0
20251212 20:16,AAPL,call,95.0,2025-12-19,173.2,0.0,0.0,2.0,186,1.0000000000000003e-05,0.0,0.0,0.0,0.0
20251212 20:16,AAPL,put,95.0,2025-12-19,0.01,0.0,0.0,1.0,1689,0.500005,0.0,0.0,0.0,0.0
20251212 20:16,AAPL,call,100.0,2025-12-19,177.85,0.0,0.0,1.0,2498,1.0000000000000003e-05,0.0,0.0,0.0,0.0
20251212 20:16,AAPL,put,100.0,2025-12-19,0.01,0.0,0.0,1.0,3581,0.500005,0.0,0.0,0.0,0.0
20251212 20:16,AAPL,call,105.0,2025-12-19,171.95,0.0,0.0,11.0,138,1.0000000000000003e-05,0.0,0.0,0.0,0.0
20251212 20:16,AAPL,put,105.0,2025-12-19,0.01,0.0,0.0,5.0,944,0.500005,0.0,0.0,0.0,0.0
20251212 20:16,AAPL,call,110.0,2025-12-19,168.47,0.0,0.0,1.0,973,1.0000000000000003e-05,0.0,0.0,0.0,0.0
20251212 20:16,AAPL,put,110.0,2025-12-19,0.02,0.0,0.0,451.0,2178,0.500005,0.0,0.0,0.0,0.0
20251212 20:16,AAPL,call,115.0,2025-12-19,162.68,0.0,0.0,1.0,216,1.0000000000000003e-05,0.0,0.0,0.0,0.0
20251212 20:16,AAPL,put,115.0,2025-12-19,0.01,0.0,0.0,9.0,2402,0.500005,0.0,0.0,0.0,0.0
20251212 20:16,AAPL,call,120.0,2025-12-19,158.15,0.0,0.0,103.0,881,1.0000000000000003e-05,0.0,0.0,0.0,0.0
20251212 20:16,AAPL,put,120.0,2025-12-19,0.01,0.0,0.0,4.0,4664,0.500005,0.0,0.0,0.0,0.0
20251212 20:16,AAPL,call,125.0,2025-12-19,152.6,0.0,0.0,1.0,538,1.0000000000000003e-05,0.0,0.0,0.0,0.0
20251212 20:16,AAPL,put,125.0,2025-12-19,0.01,0.0,0.0,1.0,2341,0.500005,0.0,0.0,0.0,0.0
20251212 20:16,AAPL,call,130.0,2025-12-19,147.05,0.0,0.0,7.0,871,1.0000000000000003e-05,0.0,0.0,0.0,0.0
20251212 20:16,AAPL,put,130.0,2025-12-19,0.01,0.0,0.0,3.0,3393,0.500005,0.0,0.0,0.0,0.0
20251212 20:16,AAPL,call,135.0,2025-12-19,141.33,0.0,0.0,1.0,753,1.0000000000000003e-05,0.0,0.0,0.0,0.0
20251212 20:16,AAPL,put,135.0,2025-12-19,0.01,0.0,0.0,2.0,735,0.500005,0.0,0.0,0.0,0.0
20251212 20:16,AAPL,call,140.0,2025-12-19,136.36,0.0,0.0,3.0,1434,1.0000000000000003e-05,0.0,0.0,0.0,0.0
20251212 20:16,AAPL,put,140.0,2025-12-19,0.01,0.0,0.0,201.0,2862,0.500005,0.0,0.0,0.0,0.0
20251212 20:16,AAPL,call,145.0,2025-12-19,132.75,0.0,0.0,1.0,858,1.0000000000000003e-05,0.0,0.0,0.0,0.0
20251212 20:16,AAPL,put,145.0,2025-12-19,0.03,0.0,0.0,1.0,3308,0.500005,0.0,0.0,0.0,0.0
20251212 20:16,AAPL,call,150.0,2025-12-19,126.89,0.0,0.0,6.0,1513,1.0000000000000003e-05,0.0,0.0,0.0,0.0
20251212 20:16,AAPL,put,150.0,2025-12-19,0.01,0.0,0.0,1.0,10919,0.500005,0.0,0.0,0.0,0.0
20251212 20:16,AAPL,call,155.0,2025-12-19,124.3,0.0,0.0,2.0,830,1.0000000000000003e-05,0.0,0.0,0.0,0.0
20251212 20:16,AAPL,put,155.0,2025-12-19,0.01,0.0,0.0,45.0,3729,0.500005,0.0,0.0,0.0,0.0
20251212 20:16,AAPL,call,160.0,2025-12-19,117.8,0.0,0.0,14.0,1235,1.0000000000000003e-05,0.0,0.0,0.0,0.0
20251212 20:16,AAPL,put,160.0,2025-12-19,0.01,0.0,0.0,8.0,5977,0.500005,0.0,0.0,0.0,0.0
20251212 20:16,AAPL,call,165.0,2025-12-19,113.05,0.0,0.0,20.0,2432,1.0000000000000003e-05,0.0,0.0,0.0,0.0
20251212 20:16,AAPL,put,165.0,2025-12-19,0.01,0.0,0.0,3.0,11561,0.500005,0.0,0.0,0.0,0.0
20251212 20:16,AAPL,call,170.0,2025-12-19,105.59,0.0,0.0,2.0,3898,1.0000000000000003e-05,0.0,0.0,0.0,0.0
20251212 20:16,AAPL,put,170.0,2025-12-19,0.06,0.0,0.0,62.0,14852,0.500005,0.0,0.0,0.0,0.0
20251212 20:16,AAPL,call,175.0,2025-12-19,103.52,0.0,0.0,2.0,1662,1.0000000000000003e-05,0.0,0.0,0.0,0.0
20251212 20:16,AAPL,put,175.0,2025-12-19,0.01,0.0,0.0,5.0,10589,0.500005,0.0,0.0,0.0,0.0
20251212 20:16,AAPL,call,180.0,2025-12-19,98.37,0.0,0.0,56.0,15979,1.0000000000000003e-05,0.0,0.0,0.0,0.0
20251212 20:16,AAPL,put,180.0,2025-12-19,0.01,0.0,0.0,70.0,12821,0.500005,0.0,0.0,0.0,0.0
20251212 20:16,AAPL,call,185.0,2025-12-19,92.04,0.0,0.0,21.0,2442,1.0000000000000003e-05,0.0,0.0,0.0,0.0
20251212 20:16,AAPL,put,185.0,2025-12-19,0.01,0.0,0.0,44.0,6932,0.500005,0.0,0.0,0.0,0.0
20251212 20:16,AAPL,call,190.0,2025-12-19,87.95,0.0,0.0,5.0,2882,1.0000000000000003e-05,0.0,0.0,0.0,0.0
20251212 20:16,AAPL,put,190.0,2025-12-19,0.02,0.0,0.0,5.0,13228,0.500005,0.0,0.0,0.0,0.0
20251212 20:16,AAPL,call,195.0,2025-12-19,84.51,0.0,0.0,3.0,2599,1.0000000000000003e-05,0.0,0.0,0.0,0.0
20251212 20:16,AAPL,put,195.0,2025-12-19,0.01,0.0,0.0,1.0,16920,0.500005,0.0,0.0,0.0,0.0
20251212 20:16,AAPL,call,200.0,2025-12-19,77.99,0.0,0.0,113.0,7896,1.0000000000000003e-05,0.0,0.0,0.0,0.0
20251212 20:16,AAPL,put,200.0,2025-12-19,0.01,0.0,0.0,6.0,21602,0.500005,0.0,0.0,0.0,0.0
20251212 20:16,AAPL,call,205.0,2025-12-19,72.92,0.0,0.0,8.0,3933,1.0000000000000003e-05,0.0,0.0,0.0,0.0
20251212 20:16,AAPL,put,205.0,2025-12-19,0.01,0.0,0.0,12.0,8370,0.500005,0.0,0.0,0.0,0.0
20251212 20:16,AAPL,call,210.0,2025-12-19,67.82,0.0,0.0,47.0,9030,1.0000000000000003e-05,0.0,0.0,0.0,0.0
20251212 20:16,AAPL,put,210.0,2025-12-19,0.01,0.0,0.0,16.0,8129,0.500005,0.0,0.0,0.0,0.0
20251212 20:16,AAPL,call,215.0,2025-12-19,63.15,0.0,0.0,45.0,11045,1.0000000000000003e-05,0.0,0.0,0.0,0.0
20251212 20:16,AAPL,put,215.0,2025-12-19,0.01,0.0,0.0,36.0,11839,0.2500075,0.0,0.0,0.0,0.0
20251212 20:16,AAPL,call,220.0,2025-12-19,57.9,0.0,0.0,136.0,17501,1.0000000000000003e-05,0.0,0.0,0.0,0.0
20251212 20:16,AAPL,put,220.0,2025-12-19,0.01,0.0,0.0,151.0,16061,0.2500075,0.0,0.0,0.0,0.0
20251212 20:16,AAPL,call,222.5,2025-12-19,56.76,0.0,0.0,2.0,3,1.0000000000000003e-05,0.0,0.0,0.0,0.0
20251212 20:16,AAPL,put,222.5,2025-12-19,0.05,0.0,0.0,30.0,100,0.2500075,0.0,0.0,0.0,0.0
20251212 20:16,AAPL,call,225.0,2025-12-19,53.0,0.0,0.0,115.0,5968,1.0000000000000003e-05,0.0,0.0,0.0,0.0
20251212 20:16,AAPL,put,225.0,2025-12-19,0.02,0.0,0.0,169.0,10485,0.2500075,0.0,0.0,0.0,0.0
20251212 20:16,AAPL,call,227.5,2025-12-19,51.93,0.0,0.0,39.0,38,1.0000000000000003e-05,0.0,0.0,0.0,0.0
20251212 20:16,AAPL,put,227.5,2025-12-19,0.03,0.0,0.0,1.0,23,0.2500075,0.0,0.0,0.0,0.0
20251212 20:16,AAPL,call,230.0,2025-12-19,47.9,0.0,0.0,37.0,15720,1.0000000000000003e-05,0.0,0.0,0.0,0.0
20251212 20:16,AAPL,put,230.0,2025-12-19,0.03,0.0,0.0,115.0,22531,0.2500075,0.0,0.0,0.0,0.0
20251212 20:16,AAPL,call,232.5,2025-12-19,44.9,0.0,0.0,18.0,19,1.0000000000000003e-05,0.0,0.0,0.0,0.0
20251212 20:16,AAPL,put,232.5,2025-12-19,0.03,0.0,0.0,2.0,7,0.2500075,0.0,0.0,0.0,0.0
20251212 20:16,AAPL,call,235.0,2025-12-19,42.8,0.0,0.0,120.0,11379,1.0000000000000003e-05,0.0,0.0,0.0,0.0
20251212 20:16,AAPL,put,235.0,2025-12-19,0.02,0.0,0.0,84.0,9688,0.2500075,0.0,0.0,0.0,0.0
20251212 20:16,AAPL,call,237.5,2025-12-19,36.71,0.0,0.0,6.0,20,1.0000000000000003e-05,0.0,0.0,0.0,0.0
20251212 20:16,AAPL,put,237.5,2025-12-19,0.03,0.0,0.0,52.0,2645,0.2500075,0.0,0.0,0.0,0.0
20251212 20:16,AAPL,call,240.0,2025-12-19,37.97,0.0,0.0,603.0,16551,1.0000000000000003e-05,0.0,0.0,0.0,0.0
20251212 20:16,AAPL,put,240.0,2025-12-19,0.03,0.0,0.0,128.0,10407,0.2500075,0.0,0.0,0.0,0.0
20251212 20:16,AAPL,call,242.5,2025-12-19,35.33,0.0,0.0,15.0,19,1.0000000000000003e-05,0.0,0.0,0.0,0.0
20251212 20:16,AAPL,put,242.5,2025-12-19,0.06,0.0,0.0,29.0,119,0.2500075,0.0,0.0,0.0,0.0
20251212 20:16,AAPL,call,245.0,2025-12-19,33.06,0.0,0.0,294.0,6834,1.0000000000000003e-05,0.0,0.0,0.0,0.0
20251212 20:16,AAPL,put,245.0,2025-12-19,0.04,0.0,0.0,159.0,10247,0.2500075,0.0,0.0,0.0,0.0
20251212 20:16,AAPL,call,247.5,2025-12-19,30.21,0.0,0.0,5.0,115,1.0000000000000003e-05,0.0,0.0,0.0,0.0
20251212 20:16,AAPL,put,247.5,2025-12-19,0.06,0.0,0.0,42.0,226,0.12500875,0.0,0.0,0.0,0.0
20251212 20:16,AAPL,call,250.0,2025-12-19,28.3,0.0,0.0,147.0,28460,1.0000000000000003e-05,0.0,0.0,0.0,0.0
20251212 20:16,AAPL,put,250.0,2025-12-19,0.07,0.0,0.0,1504.0,16866,0.12500875,0.0,0.0,0.0,0.0
20251212 20:16,AAPL,call,252.5,2025-12-19,25.0,0.0,0.0,4.0,57,1.0000000000000003e-05,0.0,0.0,0.0,0.0
20251212 20:16,AAPL,put,252.5,2025-12-19,0.08,0.0,0.0,132.0,402,0.12500875,0.0,0.0,0.0,0.0
20251212 20:16,AAPL,call,255.0,2025-12-19,23.34,0.0,0.0,93.0,12286,1.0000000000000003e-05,0.0,0.0,0.0,0.0
20251212 20:16,AAPL,put,255.0,2025-12-19,0.11,0.0,0.0,250.0,11548,0.12500875,0.0,0.0,0.0,0.0
20251212 20:16,AAPL,call,257.5,2025-12-19,20.92,0.0,0.0,18.0,156,1.0000000000000003e-05,0.0,0.0,0.0,0.0
20251212 20:16,AAPL,put,257.5,2025-12-19,0.12,0.0,0.0,179.0,3352,0.12500875,0.0,0.0,0.0,0.0
20251212 20:16,AAPL,call,260.0,2025-12-19,18.15,0.0,0.0,1109.0,20138,1.0000000000000003e-05,0.0,0.0,0.0,0.0
20251212 20:16,AAPL,put,260.0,2025-12-19,0.16,0.0,0.0,1309.0,12610,0.12500875,0.0,0.0,0.0,0.0
20251212 20:16,AAPL,call,262.5,2025-12-19,15.65,0.0,0.0,49.0,391,1.0000000000000003e-05,0.0,0.0,0.0,0.0
20251212 20:16,AAPL,put,262.5,2025-12-19,0.22,0.0,0.0,685.0,1986,0.062509375,0.0,0.0,0.0,0.0
20251212 20:16,AAPL,call,265.0,2025-12-19,13.65,0.0,0.0,879.0,19530,1.0000000000000003e-05,0.0,0.0,0.0,0.0
20251212 20:16,AAPL,put,265.0,2025-12-19,0.32,0.0,0.0,8292.0,16111,0.062509375,0.0,0.0,0.0,0.0
20251212 20:16,AAPL,call,267.5,2025-12-19,11.2,0.0,0.0,350.0,757,1.0000000000000003e-05,0.0,0.0,0.0,0.0
20251212 20:16,AAPL,put,267.5,2025-12-19,0.48,0.0,0.0,2460.0,3251,0.062509375,0.0,0.0,0.0,0.0
20251212 20:16,AAPL,call,270.0,2025-12-19,8.98,0.0,0.0,893.0,27679,1.0000000000000003e-05,0.0,0.0,0.0,0.0
20251212 20:16,AAPL,put,270.0,2025-12-19,0.71,0.0,0.0,5771.0,14606,0.062509375,0.0,0.0,0.0,0.0
20251212 20:16,AAPL,call,272.5,2025-12-19,6.95,0.0,0.0,577.0,761,1.0000000000000003e-05,0.0,0.0,0.0,0.0
20251212 20:16,AAPL,put,272.5,2025-12-19,1.14,0.0,0.0,4246.0,3463,0.0312596875,0.0,0.0,0.0,0.0
20251212 20:16,AAPL,call,275.0,2025-12-19,5.05,0.0,0.0,8151.0,21486,1.0000000000000003e-05,0.0,0.0,0.0,0.0
20251212 20:16,AAPL,put,275.0,2025-12-19,1.73,0.0,0.0,7187.0,18119,0.015634843750000002,0.0,0.0,0.0,0.0
20251212 20:16,AAPL,call,277.5,2025-12-19,3.5,0.0,0.0,7668.0,5799,1.0000000000000003e-05,0.0,0.0,0.0,0.0
20251212 20:16,AAPL,put,277.5,2025-12-19,2.65,0.0,0.0,3625.0,21503,0.0039162109375,0.0,0.0,0.0,0.0
20251212 20:16,AAPL,call,280.0,2025-12-19,2.25,0.0,0.0,24985.0,36287,0.015634843750000002,0.0,0.0,0.0,0.0
20251212 20:16,AAPL,put,280.0,2025-12-19,3.87,0.0,0.0,1382.0,14759,1.0000000000000003e-05,0.0,0.0,0.0,0.0
20251212 20:16,AAPL,call,282.5,2025-12-19,1.33,0.0,0.0,7954.0,4694,0.0312596875,0.0,0.0,0.0,0.0
20251212 20:16,AAPL,put,282.5,2025-12-19,5.58,0.0,0.0,260.0,1843,1.0000000000000003e-05,0.0,0.0,0.0,0.0
20251212 20:16,AAPL,call,285.0,2025-12-19,0.75,0.0,0.0,15409.0,26838,0.0312596875,0.0,0.0,0.0,0.0
20251212 20:16,AAPL,put,285.0,2025-12-19,7.8,0.0,0.0,3114.0,9779,1.0000000000000003e-05,0.0,0.0,0.0,0.0
20251212 20:16,AAPL,call,287.5,2025-12-19,0.41,0.0,0.0,8825.0,8221,0.062509375,0.0,0.0,0.0,0.0
20251212 20:16,AAPL,put,287.5,2025-12-19,9.55,0.0,0.0,1370.0,2670,1.0000000000000003e-05,0.0,0.0,0.0,0.0
20251212 20:16,AAPL,call,290.0,2025-12-19,0.22,0.0,0.0,6495.0,28050,0.062509375,0.0,0.0,0.0,0.0
20251212 20:16,AAPL,put,290.0,2025-12-19,12.0,0.0,0.0,234.0,3227,1.0000000000000003e-05,0.0,0.0,0.0,0.0
20251212 20:16,AAPL,call,292.5,2025-12-19,0.14,0.0,0.0,708.0,6285,0.062509375,0.0,0.0,0.0,0.0
20251212 20:16,AAPL,put,292.5,2025-12-19,14.7,0.0,0.0,7.0,12,1.0000000000000003e-05,0.0,0.0,0.0,0.0
20251212 20:16,AAPL,call,295.0,2025-12-19,0.08,0.0,0.0,1549.0,23622,0.12500875,0.0,0.0,0.0,0.0
20251212 20:16,AAPL,put,295.0,2025-12-19,16.91,0.0,0.0,2962.0,85,1.0000000000000003e-05,0.0,0.0,0.0,0.0
20251212 20:16,AAPL,call,300.0,2025-12-19,0.04,0.0,0.0,2922.0,48060,0.12500875,0.0,0.0,0.0,0.0
20251212 20:16,AAPL,put,300.0,2025-12-19,22.1,0.0,0.0,121.0,17,1.0000000000000003e-05,0.0,0.0,0.0,0.0
20251212 20:16,AAPL,call,305.0,2025-12-19,0.02,0.0,0.0,206.0,36745,0.12500875,0.0,0.0,0.0,0.0
20251212 20:16,AAPL,put,305.0,2025-12-19,26.33,0.0,0.0,1.0,1,1.0000000000000003e-05,0.0,0.0,0.0,0.0
20251212 20:16,AAPL,call,310.0,2025-12-19,0.01,0.0,0.0,355.0,10788,0.12500875,0.0,0.0,0.0,0.0
20251212 20:16,AAPL,put,310.0,2025-12-19,31.35,0.0,0.0,1.0,0,1.0000000000000003e-05,0.0,0.0,0.0,0.0
20251212 20:16,AAPL,call,315.0,2025-12-19,0.03,0.0,0.0,5.0,4518,0.12500875,0.0,0.0,0.0,0.0
20251212 20:16,AAPL,put,315.0,2025-12-19,44.1,27.7,29.7,1.0,0,1.0000000000000003e-05,0.0,0.0,0.0,0.0
20251212 20:16,AAPL,call,320.0,2025-12-19,0.04,0.0,0.0,15.0,10590,0.2500075,0.0,0.0,0.0,0.0
20251212 20:16,AAPL,put,320.0,2025-12-19,38.56,0.0,0.0,3.0,0,1.0000000000000003e-05,0.0,0.0,0.0,0.0
20251212 20:16,AAPL,call,325.0,2025-12-19,0.01,0.0,0.0,2.0,3085,0.2500075,0.0,0.0,0.0,0.0
20251212 20:16,AAPL,put,325.0,2025-12-19,57.37,0.0,0.0,1.0,0,1.0000000000000003e-05,0.0,0.0,0.0,0.0
20251212 20:16,AAPL,call,330.0,2025-12-19,0.01,0.0,0.0,9.0,8974,0.2500075,0.0,0.0,0.0,0.0
20251212 20:16,AAPL,put,330.0,2025-12-19,61.25,0.0,0.0,2.0,0,1.0000000000000003e-05,0.0,0.0,0.0,0.0
20251212 20:16,AAPL,call,335.0,2025-12-19,0.07,0.0,0.0,3.0,349,0.2500075,0.0,0.0,0.0,0.0
20251212 20:16,AAPL,put,335.0,2025-12-19,60.57,0.0,0.0,nan,0,1.0000000000000003e-05,0.0,0.0,0.0,0.0
20251212 20:16,AAPL,call,340.0,2025-12-19,0.01,0.0,0.0,2.0,5080,0.2500075,0.0,0.0,0.0,0.0
20251212 20:16,AAPL,call,345.0,2025-12-19,0.01,0.0,0.0,20.0,545,0.2500075,0.0,0.0,0.0,0.0
20251212 20:16,AAPL,call,350.0,2025-12-19,0.01,0.0,0.0,1.0,4706,0.2500075,0.0,0.0,0.0,0.0
20251212 20:16,AAPL,put,350.0,2025-12-19,76.1,0.0,0.0,2.0,0,1.0000000000000003e-05,0.0,0.0,0.0,0.0
20251212 20:16,AAPL,call,360.0,2025-12-19,0.01,0.0,0.0,2.0,3335,0.2500075,0.0,0.0,0.0,0.0
20251212 20:16,AAPL,put,360.0,2025-12-19,149.64,161.95,165.0,nan,0,6.543825062408447,0.0,0.0,0.0,0.0
20251212 20:16,AAPL,call,370.0,2025-12-19,0.01,0.0,0.0,2.0,5780,0.500005,0.0,0.0,0.0,0.0
20251212 20:16,AAPL,put,370.0,2025-12-19,97.0,0.0,0.0,1.0,0,1.0000000000000003e-05,0.0,0.0,0.0,0.0
20251212 20:16,AAPL,call,380.0,2025-12-19,0.02,0.0,0.0,10.0,2208,0.500005,0.0,0.0,0.0,0.0
20251212 20:16,AAPL,put,380.0,2025-12-19,105.92,0.0,0.0,nan,0,1.0000000000000003e-05,0.0,0.0,0.0,0.0
20251212 20:16,AAPL,call,390.0,2025-12-19,0.01,0.0,0.0,2.0,1761,0.500005,0.0,0.0,0.0,0.0
20251212 20:16,AAPL,put,390.0,2025-12-19,130.1,111.75,113.95,nan,0,1.2700231811523435,0.0,0.0,0.0,0.0
20251212 20:16,AAPL,call,400.0,2025-12-19,0.01,0.0,0.0,1.0,12646,0.500005,0.0,0.0,0.0,0.0
20251212 20:16,AAPL,put,400.0,2025-12-19,152.25,123.1,125.4,6.0,0,1.6257342932128904,0.0,0.0,0.0,0.0
20251212 20:16,AAPL,call,410.0,2025-12-19,0.01,0.0,0.0,2.0,4,0.500005,0.0,0.0,0.0,0.0
20251212 20:16,AAPL,call,420.0,2025-12-19,0.01,0.0,0.0,2.0,1,0.500005,0.0,0.0,0.0,0.0
20251212 20:16,AAPL,call,430.0,2025-12-19,0.01,0.0,0.0,nan,1,0.500005,0.0,0.0,0.0,0.0
20251212 20:16,AAPL,call,440.0,2025-12-19,0.01,0.0,0.0,5.0,8,0.500005,0.0,0.0,0.0,0.0
20251212 20:16,AAPL,call,450.0,2025-12-19,0.01,0.0,0.0,2.0,129,0.500005,0.0,0.0,0.0,0.0
20251212 20:16,AAPL,put,450.0,2025-12-19,172.56,0.0,0.0,5.0,0,1.0000000000000003e-05,0.0,0.0,0.0,0.0
20251212 20:16,AAPL,call,110.0,2025-12-26,170.3,0.0,0.0,1.0,1.0,1.0000000000000003e-05,0.0,0.0,0.0,0.0
20251212 20:16,AAPL,call,120.0,2025-12-26,158.22,0.0,0.0,1.0,1.0,1.0000000000000003e-05,0.0,0.0,0.0,0.0
20251212 20:16,AAPL,put,120.0,2025-12-26,0.02,0.0,0.0,nan,1.0,0.500005,0.0,0.0,0.0,0.0
20251212 20:16,AAPL,call,125.0,2025-12-26,160.4,0.0,0.0,nan,4.0,1.0000000000000003e-05,0.0,0.0,0.0,0.0
20251212 20:16,AAPL,put,130.0,2025-12-26,0.02,0.0,0.0,8.0,44.0,0.500005,0.0,0.0,0.0,0.0
20251212 20:16,AAPL,put,145.0,2025-12-26,0.04,0.0,0.0,199.0,202.0,0.500005,0.0,0.0,0.0,0.0
20251212 20:16,AAPL,call,150.0,2025-12-26,127.83,0.0,0.0,1.0,2.0,1.0000000000000003e-05,0.0,0.0,0.0,0.0
20251212 20:16,AAPL,put,150.0,2025-12-26,0.02,0.0,0.0,nan,10.0,0.500005,0.0,0.0,0.0,0.0
20251212 20:16,AAPL,call,155.0,2025-12-26,131.18,0.0,0.0,2.0,2.0,1.0000000000000003e-05,0.0,0.0,0.0,0.0
20251212 20:16,AAPL,put,155.0,2025-12-26,0.03,0.0,0.0,1.0,101.0,0.500005,0.0,0.0,0.0,0.0
20251212 20:16,AAPL,call,170.0,2025-12-26,111.06,0.0,0.0,1.0,3.0,1.0000000000000003e-05,0.0,0.0,0.0,0.0
20251212 20:16,AAPL,put,170.0,2025-12-26,0.01,0.0,0.0,10.0,15.0,0.500005,0.0,0.0,0.0,0.0
20251212 20:16,AAPL,put,175.0,2025-12-26,0.01,0.0,0.0,5.0,314.0,0.500005,0.0,0.0,0.0,0.0
20251212 20:16,AAPL,call,180.0,2025-12-26,105.36,0.0,0.0,nan,1.0,1.0000000000000003e-05,0.0,0.0,0.0,0.0
20251212 20:16,AAPL,put,180.0,2025-12-26,0.01,0.0,0.0,100.0,101.0,0.500005,0.0,0.0,0.0,0.0
20251212 20:16,AAPL,call,185.0,2025-12-26,92.15,0.0,0.0,1.0,4.0,1.0000000000000003e-05,0.0,0.0,0.0,0.0
20251212 20:16,AAPL,put,185.0,2025-12-26,0.01,0.0,0.0,7.0,9.0,0.500005,0.0,0.0,0.0,0.0
20251212 20:16,AAPL,call,190.0,2025-12-26,88.38,0.0,0.0,1.0,24.0,1.0000000000000003e-05,0.0,0.0,0.0,0.0
20251212 20:16,AAPL,put,190.0,2025-12-26,0.01,0.0,0.0,10.0,101.0,0.500005,0.0,0.0,0.0,0.0
20251212 20:16,AAPL,call,195.0,2025-12-26,86.07,0.0,0.0,1.0,20.0,1.0000000000000003e-05,0.0,0.0,0.0,0.0
20251212 20:16,AAPL,put,195.0,2025-12-26,0.01,0.0,0.0,2.0,21.0,0.2500075,0.0,0.0,0.0,0.0
20251212 20:16,AAPL,call,200.0,2025-12-26,77.35,0.0,0.0,1.0,5.0,1.0000000000000003e-05,0.0,0.0,0.0,0.0
20251212 20:16,AAPL,put,200.0,2025-12-26,0.01,0.0,0.0,64.0,328.0,0.2500075,0.0,0.0,0.0,0.0
20251212 20:16,AAPL,call,205.0,2025-12-26,73.51,0.0,0.0,1.0,9.0,1.0000000000000003e-05,0.0,0.0,0.0,0.0
20251212 20:16,AAPL,put,205.0,2025-12-26,0.01,0.0,0.0,74.0,218.0,0.2500075,0.0,0.0,0.0,0.0
20251212 20:16,AAPL,call,210.0,2025-12-26,67.62,0.0,0.0,22.0,30.0,1.0000000000000003e-05,0.0,0.0,0.0,0.0
20251212 20:16,AAPL,put,210.0,2025-12-26,0.02,0.0,0.0,6.0,524.0,0.2500075,0.0,0.0,0.0,0.0
20251212 20:16,AAPL,call,215.0,2025-12-26,63.59,0.0,0.0,1.0,14.0,1.0000000000000003e-05,0.0,0.0,0.0,0.0
20251212 20:16,AAPL,put,215.0,2025-12-26,0.01,0.0,0.0,6.0,364.0,0.2500075,0.0,0.0,0.0,0.0
20251212 20:16,AAPL,call,220.0,2025-12-26,60.82,0.0,0.0,10.0,97.0,1.0000000000000003e-05,0.0,0.0,0.0,0.0
20251212 20:16,AAPL,put,220.0,2025-12-26,0.01,0.0,0.0,2.0,685.0,0.2500075,0.0,0.0,0.0,0.0
20251212 20:16,AAPL,call,225.0,2025-12-26,52.96,0.0,0.0,1.0,36.0,1.0000000000000003e-05,0.0,0.0,0.0,0.0
20251212 20:16,AAPL,put,225.0,2025-12-26,0.04,0.0,0.0,13.0,122.0,0.2500075,0.0,0.0,0.0,0.0
20251212 20:16,AAPL,call,230.0,2025-12-26,48.19,0.0,0.0,7.0,99.0,1.0000000000000003e-05,0.0,0.0,0.0,0.0
20251212 20:16,AAPL,put,230.0,2025-12-26,0.03,0.0,0.0,43.0,435.0,0.2500075,0.0,0.0,0.0,0.0
20251212 20:16,AAPL,call,235.0,2025-12-26,43.49,0.0,0.0,4.0,119.0,1.0000000000000003e-05,0.0,0.0,0.0,0.0
20251212 20:16,AAPL,put,235.0,2025-12-26,0.04,0.0,0.0,1.0,727.0,0.12500875,0.0,0.0,0.0,0.0
20251212 20:16,AAPL,call,240.0,2025-12-26,38.18,0.0,0.0,2.0,126.0,1.0000000000000003e-05,0.0,0.0,0.0,0.0
20251212 20:16,AAPL,put,240.0,2025-12-26,0.07,0.0,0.0,24.0,404.0,0.12500875,0.0,0.0,0.0,0.0
20251212 20:16,AAPL,call,245.0,2025-12-26,31.7,0.0,0.0,1.0,113.0,1.0000000000000003e-05,0.0,0.0,0.0,0.0
20251212 20:16,AAPL,put,245.0,2025-12-26,0.09,0.0,0.0,55.0,897.0,0.12500875,0.0,0.0,0.0,0.0
20251212 20:16,AAPL,call,250.0,2025-12-26,28.69,0.0,0.0,17.0,229.0,1.0000000000000003e-05,0.0,0.0,0.0,0.0
20251212 20:16,AAPL,put,250.0,2025-12-26,0.12,0.0,0.0,235.0,1524.0,0.12500875,0.0,0.0,0.0,0.0
20251212 20:16,AAPL,call,255.0,2025-12-26,22.28,0.0,0.0,3.0,173.0,1.0000000000000003e-05,0.0,0.0,0.0,0.0
20251212 20:16,AAPL,put,255.0,2025-12-26,0.2,0.0,0.0,79.0,734.0,0.12500875,0.0,0.0,0.0,0.0
20251212 20:16,AAPL,call,257.5,2025-12-26,22.55,nan,nan,nan,nan,0.0,0.0,0.0,0.0,0.0
20251212 20:16,AAPL,put,257.5,2025-12-26,0.26,nan,nan,nan,nan,0.0,0.0,0.0,0.0,0.0
20251212 20:16,AAPL,call,260.0,2025-12-26,18.71,0.0,0.0,41.0,749.0,1.0000000000000003e-05,0.0,0.0,0.0,0.0
20251212 20:16,AAPL,put,260.0,2025-12-26,0.36,0.0,0.0,1977.0,6874.0,0.062509375,0.0,0.0,0.0,0.0
20251212 20:16,AAPL,call,262.5,2025-12-26,15.59,nan,nan,nan,nan,0.0,0.0,0.0,0.0,0.0
20251212 20:16,AAPL,put,262.5,2025-12-26,0.5,nan,nan,nan,nan,0.0,0.0,0.0,0.0,0.0
20251212 20:16,AAPL,call,265.0,2025-12-26,14.25,0.0,0.0,63.0,1654.0,1.0000000000000003e-05,0.0,0.0,0.0,0.0
20251212 20:16,AAPL,put,265.0,2025-12-26,0.66,0.0,0.0,637.0,1644.0,0.062509375,0.0,0.0,0.0,0.0
20251212 20:16,AAPL,call,267.5,2025-12-26,12.85,nan,nan,nan,nan,0.0,0.0,0.0,0.0,0.0
20251212 20:16,AAPL,put,267.5,2025-12-26,0.98,nan,nan,nan,nan,0.0,0.0,0.0,0.0,0.0
20251212 20:16,AAPL,call,270.0,2025-12-26,9.65,0.0,0.0,412.0,1814.0,1.0000000000000003e-05,0.0,0.0,0.0,0.0
20251212 20:16,AAPL,put,270.0,2025-12-26,1.34,0.0,0.0,1010.0,3938.0,0.0312596875,0.0,0.0,0.0,0.0
20251212 20:16,AAPL,call,272.5,2025-12-26,8.91,nan,nan,nan,nan,0.0,0.0,0.0,0.0,0.0
20251212 20:16,AAPL,put,272.5,2025-12-26,1.9,1.81,1.84,nan,nan,0.18030604858398439,0.0,0.0,0.0,0.0
20251212 20:16,AAPL,call,275.0,2025-12-26,6.06,0.0,0.0,1655.0,2152.0,1.0000000000000003e-05,0.0,0.0,0.0,0.0
20251212 20:16,AAPL,put,275.0,2025-12-26,2.51,0.0,0.0,1064.0,2222.0,0.015634843750000002,0.0,0.0,0.0,0.0
20251212 20:16,AAPL,call,277.5,2025-12-26,5.41,nan,nan,nan,nan,0.0,0.0,0.0,0.0,0.0
20251212 20:16,AAPL,put,277.5,2025-12-26,3.55,nan,nan,nan,nan,0.0,0.0,0.0,0.0,0.0
20251212 20:16,AAPL,call,280.0,2025-12-26,3.22,0.0,0.0,4623.0,5245.0,0.007822421875,0.0,0.0,0.0,0.0
20251212 20:16,AAPL,put,280.0,2025-12-26,4.9,0.0,0.0,491.0,1713.0,1.0000000000000003e-05,0.0,0.0,0.0,0.0
20251212 20:16,AAPL,call,282.5,2025-12-26,2.32,2.39,2.42,nan,nan,0.18921709228515626,0.0,0.0,0.0,0.0
20251212 20:16,AAPL,put,282.5,2025-12-26,5.9,nan,nan,nan,nan,0.0,0.0,0.0,0.0,0.0
20251212 20:16,AAPL,call,285.0,2025-12-26,1.46,0.0,0.0,6903.0,7255.0,0.0312596875,0.0,0.0,0.0,0.0
20251212 20:16,AAPL,put,285.0,2025-12-26,8.09,0.0,0.0,55.0,973.0,1.0000000000000003e-05,0.0,0.0,0.0,0.0
20251212 20:16,AAPL,call,287.5,2025-12-26,1.29,nan,nan,nan,nan,0.0,0.0,0.0,0.0,0.0
20251212 20:16,AAPL,put,287.5,2025-12-26,9.6,nan,nan,nan,nan,0.0,0.0,0.0,0.0,0.0
20251212 20:16,AAPL,call,290.0,2025-12-26,0.57,0.0,0.0,3193.0,6829.0,0.062509375,0.0,0.0,0.0,0.0
20251212 20:16,AAPL,put,290.0,2025-12-26,12.32,0.0,0.0,44.0,483.0,1.0000000000000003e-05,0.0,0.0,0.0,0.0
20251212 20:16,AAPL,call,292.5,2025-12-26,0.55,nan,nan,nan,nan,0.0,0.0,0.0,0.0,0.0
20251212 20:16,AAPL,put,292.5,2025-12-26,14.04,nan,nan,nan,nan,0.0,0.0,0.0,0.0,0.0
20251212 20:16,AAPL,call,295.0,2025-12-26,0.22,0.0,0.0,2697.0,5200.0,0.062509375,0.0,0.0,0.0,0.0
20251212 20:16,AAPL,put,295.0,2025-12-26,19.03,0.0,0.0,55.0,1.0,1.0000000000000003e-05,0.0,0.0,0.0,0.0
20251212 20:16,AAPL,call,297.5,2025-12-26,0.27,nan,nan,nan,nan,0.0,0.0,0.0,0.0,0.0
20251212 20:16,AAPL,put,297.5,2025-12-26,20.99,nan,nan,nan,nan,0.0,0.0,0.0,0.0,0.0
20251212 20:16,AAPL,call,300.0,2025-12-26,0.09,0.0,0.0,1547.0,7088.0,0.062509375,0.0,0.0,0.0,0.0
20251212 20:16,AAPL,put,300.0,2025-12-26,22.0,0.0,0.0,13.0,1.0,1.0000000000000003e-05,0.0,0.0,0.0,0.0
20251212 20:16,AAPL,call,302.5,2025-12-26,0.11,nan,nan,nan,nan,0.0,0.0,0.0,0.0,0.0
20251212 20:16,AAPL,call,305.0,2025-12-26,0.05,0.0,0.0,128.0,3607.0,0.12500875,0.0,0.0,0.0,0.0
20251212 20:16,AAPL,put,305.0,2025-12-26,27.4,0.0,0.0,22.0,3.0,1.0000000000000003e-05,0.0,0.0,0.0,0.0
20251212 20:16,AAPL,call,310.0,2025-12-26,0.03,0.0,0.0,22.0,1928.0,0.12500875,0.0,0.0,0.0,0.0
20251212 20:16,AAPL,put,310.0,2025-12-26,24.2,0.0,0.0,2.0,0,1.0000000000000003e-05,0.0,0.0,0.0,0.0
20251212 20:16,AAPL,call,315.0,2025-12-26,0.02,0.0,0.0,17.0,886.0,0.12500875,0.0,0.0,0.0,0.0
20251212 20:16,AAPL,call,320.0,2025-12-26,0.01,0.0,0.0,5.0,109.0,0.12500875,0.0,0.0,0.0,0.0
20251212 20:16,AAPL,put,320.0,2025-12-26,41.68,nan,nan,nan,nan,0.0,0.0,0.0,0.0,0.0
20251212 20:16,AAPL,call,325.0,2025-12-26,0.01,0.0,0.0,7.0,457.0,0.12500875,0.0,0.0,0.0,0.0
20251212 20:16,AAPL,call,330.0,2025-12-26,0.01,0.0,0.0,27.0,695.0,0.12500875,0.0,0.0,0.0,0.0
20251212 20:16,AAPL,put,330.0,2025-12-26,57.6,0.0,0.0,nan,0,1.0000000000000003e-05,0.0,0.0,0.0,0.0
20251212 20:16,AAPL,call,335.0,2025-12-26,0.01,0.0,0.0,55.0,95.0,0.2500075,0.0,0.0,0.0,0.0
20251212 20:16,AAPL,put,335.0,2025-12-26,60.42,0.0,0.0,nan,0,1.0000000000000003e-05,0.0,0.0,0.0,0.0
20251212 20:16,AAPL,call,340.0,2025-12-26,0.01,0.0,0.0,3.0,37.0,0.2500075,0.0,0.0,0.0,0.0
20251212 20:16,AAPL,call,345.0,2025-12-26,0.01,0.0,0.0,6.0,10.0,0.2500075,0.0,0.0,0.0,0.0
20251212 20:16,AAPL,call,350.0,2025-12-26,0.02,0.0,0.0,10.0,14.0,0.2500075,0.0,0.0,0.0,0.0
20251212 20:16,AAPL,call,355.0,2025-12-26,0.01,0.0,0.0,1.0,12.0,0.2500075,0.0,0.0,0.0,0.0
20251212 20:16,AAPL,call,360.0,2025-12-26,0.01,0.0,0.0,nan,1.0,0.2500075,0.0,0.0,0.0,0.0
20251212 20:16,AAPL,call,365.0,2025-12-26,0.02,0.0,0.0,2.0,3.0,0.2500075,0.0,0.0,0.0,0.0
20251212 20:16,AAPL,put,365.0,2025-12-26,95.85,0.0,0.0,nan,0,1.0000000000000003e-05,0.0,0.0,0.0,0.0
20251212 20:16,AAPL,call,370.0,2025-12-26,0.01,0.0,0.0,nan,1.0,0.2500075,0.0,0.0,0.0,0.0
20251212 20:16,AAPL,call,380.0,2025-12-26,0.02,0.0,0.0,nan,8.0,0.2500075,0.0,0.0,0.0,0.0
20251212 20:16,AAPL,call,385.0,2025-12-26,0.01,0.0,0.0,nan,1.0,0.2500075,0.0,0.0,0.0,0.0
20251212 20:16,AAPL,put,395.0,2025-12-26,110.0,0.0,0.0,2.0,0,1.0000000000000003e-05,0.0,0.0,0.0,0.0
20251212 20:16,AAPL,call,400.0,2025-12-26,0.03,0.0,0.0,nan,1.0,0.2500075,0.0,0.0,0.0,0.0
20251212 20:16,AAPL,put,400.0,2025-12-26,114.27,0.0,0.0,nan,0,1.0000000000000003e-05,0.0,0.0,0.0,0.0
20251212 20:16,AAPL,put,110.0,2026-01-02,0.01,0.0,0.0,1.0,1,0.500005,0.0,0.0,0.0,0.0
20251212 20:16,AAPL,put,125.0,2026-01-02,0.01,0.0,0.0,1.0,1,0.500005,0.0,0.0,0.0,0.0
20251212 20:16,AAPL,put,130.0,2026-01-02,0.02,0.0,0.0,69.0,69,0.500005,0.0,0.0,0.0,0.0
20251212 20:16,AAPL,call,135.0,2026-01-02,144.95,nan,nan,nan,nan,0.0,0.0,0.0,0.0,0.0
20251212 20:16,AAPL,put,135.0,2026-01-02,0.02,0.0,0.0,33.0,33,0.500005,0.0,0.0,0.0,0.0
20251212 20:16,AAPL,put,140.0,2026-01-02,0.01,0.0,0.0,71.0,72,0.500005,0.0,0.0,0.0,0.0
20251212 20:16,AAPL,call,145.0,2026-01-02,126.05,0.0,0.0,nan,6.0,1.0000000000000003e-05,0.0,0.0,0.0,0.0
20251212 20:16,AAPL,put,145.0,2026-01-02,0.01,0.0,0.0,5.0,5,0.500005,0.0,0.0,0.0,0.0
20251212 20:16,AAPL,call,150.0,2026-01-02,122.36,0.0,0.0,5.0,5.0,1.0000000000000003e-05,0.0,0.0,0.0,0.0
20251212 20:16,AAPL,put,150.0,2026-01-02,0.01,0.0,0.0,3.0,547,0.500005,0.0,0.0,0.0,0.0
20251212 20:16,AAPL,put,155.0,2026-01-02,0.01,0.0,0.0,1.0,179,0.500005,0.0,0.0,0.0,0.0
20251212 20:16,AAPL,call,170.0,2026-01-02,101.27,0.0,0.0,nan,6.0,1.0000000000000003e-05,0.0,0.0,0.0,0.0
20251212 20:16,AAPL,call,175.0,2026-01-02,110.75,0.0,0.0,nan,1.0,1.0000000000000003e-05,0.0,0.0,0.0,0.0
20251212 20:16,AAPL,put,175.0,2026-01-02,0.02,0.0,0.0,12.0,12,0.500005,0.0,0.0,0.0,0.0
20251212 20:16,AAPL,put,180.0,2026-01-02,0.01,0.0,0.0,1.0,5,0.2500075,0.0,0.0,0.0,0.0
20251212 20:16,AAPL,call,190.0,2026-01-02,88.77,0.0,0.0,1.0,3.0,1.0000000000000003e-05,0.0,0.0,0.0,0.0
20251212 20:16,AAPL,put,190.0,2026-01-02,0.02,0.0,0.0,6.0,8,0.2500075,0.0,0.0,0.0,0.0
20251212 20:16,AAPL,call,195.0,2026-01-02,85.1,0.0,0.0,1.0,7.0,1.0000000000000003e-05,0.0,0.0,0.0,0.0
20251212 20:16,AAPL,put,195.0,2026-01-02,0.06,0.0,0.0,200.0,204,0.2500075,0.0,0.0,0.0,0.0
20251212 20:16,AAPL,call,200.0,2026-01-02,78.01,0.0,0.0,1.0,3.0,1.0000000000000003e-05,0.0,0.0,0.0,0.0
20251212 20:16,AAPL,put,200.0,2026-01-02,0.03,0.0,0.0,10.0,40,0.2500075,0.0,0.0,0.0,0.0
20251212 20:16,AAPL,call,205.0,2026-01-02,73.25,0.0,0.0,1.0,5.0,1.0000000000000003e-05,0.0,0.0,0.0,0.0
20251212 20:16,AAPL,put,205.0,2026-01-02,0.04,0.0,0.0,2.0,15,0.2500075,0.0,0.0,0.0,0.0
20251212 20:16,AAPL,call,210.0,2026-01-02,68.15,0.0,0.0,2.0,18.0,1.0000000000000003e-05,0.0,0.0,0.0,0.0
20251212 20:16,AAPL,put,210.0,2026-01-02,0.04,0.0,0.0,5.0,83,0.2500075,0.0,0.0,0.0,0.0
20251212 20:16,AAPL,call,215.0,2026-01-02,61.85,0.0,0.0,14.0,21.0,1.0000000000000003e-05,0.0,0.0,0.0,0.0
20251212 20:16,AAPL,put,215.0,2026-01-02,0.03,0.0,0.0,2.0,639,0.2500075,0.0,0.0,0.0,0.0
20251212 20:16,AAPL,call,220.0,2026-01-02,57.13,0.0,0.0,1.0,113.0,1.0000000000000003e-05,0.0,0.0,0.0,0.0
20251212 20:16,AAPL,put,220.0,2026-01-02,0.03,0.0,0.0,10.0,674,0.2500075,0.0,0.0,0.0,0.0
20251212 20:16,AAPL,call,225.0,2026-01-02,53.95,0.0,0.0,2.0,7.0,1.0000000000000003e-05,0.0,0.0,0.0,0.0
20251212 20:16,AAPL,put,225.0,2026-01-02,0.06,0.0,0.0,11.0,260,0.12500875,0.0,0.0,0.0,0.0
20251212 20:16,AAPL,call,230.0,2026-01-02,49.29,0.0,0.0,1.0,263.0,1.0000000000000003e-05,0.0,0.0,0.0,0.0
20251212 20:16,AAPL,put,230.0,2026-01-02,0.06,0.0,0.0,4.0,207,0.12500875,0.0,0.0,0.0,0.0
20251212 20:16,AAPL,call,235.0,2026-01-02,43.64,0.0,0.0,12.0,38.0,1.0000000000000003e-05,0.0,0.0,0.0,0.0
20251212 20:16,AAPL,put,235.0,2026-01-02,0.1,0.0,0.0,125.0,178,0.12500875,0.0,0.0,0.0,0.0
20251212 20:16,AAPL,call,240.0,2026-01-02,37.82,0.0,0.0,1.0,65.0,1.0000000000000003e-05,0.0,0.0,0.0,0.0
20251212 20:16,AAPL,put,240.0,2026-01-02,0.13,0.0,0.0,140.0,511,0.12500875,0.0,0.0,0.0,0.0
20251212 20:16,AAPL,call,245.0,2026-01-02,32.8,0.0,0.0,24.0,153.0,1.0000000000000003e-05,0.0,0.0,0.0,0.0
20251212 20:16,AAPL,put,245.0,2026-01-02,0.18,0.0,0.0,60.0,367,0.12500875,0.0,0.0,0.0,0.0
20251212 20:16,AAPL,call,250.0,2026-01-02,29.17,0.0,0.0,3.0,341.0,1.0000000000000003e-05,0.0,0.0,0.0,0.0
20251212 20:16,AAPL,put,250.0,2026-01-02,0.27,0.0,0.0,42.0,903,0.12500875,0.0,0.0,0.0,0.0
20251212 20:16,AAPL,call,255.0,2026-01-02,24.15,0.0,0.0,12.0,87.0,1.0000000000000003e-05,0.0,0.0,0.0,0.0
20251212 20:16,AAPL,put,255.0,2026-01-02,0.39,0.0,0.0,83.0,1495,0.062509375,0.0,0.0,0.0,0.0
20251212 20:16,AAPL,call,260.0,2026-01-02,19.34,0.0,0.0,14.0,545.0,1.0000000000000003e-05,0.0,0.0,0.0,0.0
20251212 20:16,AAPL,put,260.0,2026-01-02,0.64,0.0,0.0,180.0,3146,0.062509375,0.0,0.0,0.0,0.0
20251212 20:16,AAPL,call,265.0,2026-01-02,14.69,0.0,0.0,129.0,1729.0,1.0000000000000003e-05,0.0,0.0,0.0,0.0
20251212 20:16,AAPL,put,265.0,2026-01-02,1.09,0.0,0.0,397.0,1570,0.0312596875,0.0,0.0,0.0,0.0
20251212 20:16,AAPL,call,270.0,2026-01-02,10.7,0.0,0.0,195.0,870.0,1.0000000000000003e-05,0.0,0.0,0.0,0.0
20251212 20:16,AAPL,put,270.0,2026-01-02,2.0,0.0,0.0,330.0,1492,0.0312596875,0.0,0.0,0.0,0.0
20251212 20:16,AAPL,call,275.0,2026-01-02,7.03,0.0,0.0,1142.0,2139.0,1.0000000000000003e-05,0.0,0.0,0.0,0.0
20251212 20:16,AAPL,put,275.0,2026-01-02,3.27,0.0,0.0,678.0,2467,0.015634843750000002,0.0,0.0,0.0,0.0
20251212 20:16,AAPL,call,280.0,2026-01-02,4.23,0.0,0.0,1202.0,2689.0,0.007822421875,0.0,0.0,0.0,0.0
20251212 20:16,AAPL,put,280.0,2026-01-02,5.5,0.0,0.0,228.0,1217,1.0000000000000003e-05,0.0,0.0,0.0,0.0
20251212 20:16,AAPL,call,285.0,2026-01-02,2.28,0.0,0.0,1559.0,2463.0,0.0312596875,0.0,0.0,0.0,0.0
20251212 20:16,AAPL,put,285.0,2026-01-02,8.66,0.0,0.0,15.0,398,1.0000000000000003e-05,0.0,0.0,0.0,0.0
20251212 20:16,AAPL,call,290.0,2026-01-02,1.12,0.0,0.0,2176.0,4228.0,0.0312596875,0.0,0.0,0.0,0.0
20251212 20:16,AAPL,put,290.0,2026-01-02,12.4,0.0,0.0,20.0,1447,1.0000000000000003e-05,0.0,0.0,0.0,0.0
20251212 20:16,AAPL,call,295.0,2026-01-02,0.52,0.0,0.0,646.0,2965.0,0.062509375,0.0,0.0,0.0,0.0
20251212 20:16,AAPL,put,295.0,2026-01-02,16.4,0.0,0.0,6.0,69,1.0000000000000003e-05,0.0,0.0,0.0,0.0
20251212 20:16,AAPL,call,300.0,2026-01-02,0.23,0.0,0.0,2130.0,12680.0,0.062509375,0.0,0.0,0.0,0.0
20251212 20:16,AAPL,put,300.0,2026-01-02,20.75,0.0,0.0,2.0,5,1.0000000000000003e-05,0.0,0.0,0.0,0.0
20251212 20:16,AAPL,call,305.0,2026-01-02,0.11,0.0,0.0,39.0,1402.0,0.062509375,0.0,0.0,0.0,0.0
20251212 20:16,AAPL,put,305.0,2026-01-02,26.05,0.0,0.0,1.0,1,1.0000000000000003e-05,0.0,0.0,0.0,0.0
20251212 20:16,AAPL,call,310.0,2026-01-02,0.07,0.0,0.0,116.0,1019.0,0.12500875,0.0,0.0,0.0,0.0
20251212 20:16,AAPL,put,310.0,2026-01-02,31.07,0.0,0.0,1.0,0,1.0000000000000003e-05,0.0,0.0,0.0,0.0
20251212 20:16,AAPL,call,315.0,2026-01-02,0.03,0.0,0.0,16.0,316.0,0.12500875,0.0,0.0,0.0,0.0
20251212 20:16,AAPL,call,320.0,2026-01-02,0.03,0.0,0.0,1.0,221.0,0.12500875,0.0,0.0,0.0,0.0
20251212 20:16,AAPL,call,325.0,2026-01-02,0.02,0.0,0.0,1.0,303.0,0.12500875,0.0,0.0,0.0,0.0
20251212 20:16,AAPL,call,330.0,2026-01-02,0.01,0.0,0.0,3.0,175.0,0.12500875,0.0,0.0,0.0,0.0
20251212 20:16,AAPL,call,335.0,2026-01-02,0.02,0.0,0.0,25.0,58.0,0.12500875,0.0,0.0,0.0,0.0
20251212 20:16,AAPL,call,340.0,2026-01-02,0.02,0.0,0.0,2.0,3.0,0.12500875,0.0,0.0,0.0,0.0
20251212 20:16,AAPL,call,345.0,2026-01-02,0.01,0.0,0.0,1.0,68.0,0.12500875,0.0,0.0,0.0,0.0
20251212 20:16,AAPL,put,345.0,2026-01-02,76.5,0.0,0.0,nan,0,1.0000000000000003e-05,0.0,0.0,0.0,0.0
20251212 20:16,AAPL,call,350.0,2026-01-02,0.01,0.0,0.0,10.0,27.0,0.2500075,0.0,0.0,0.0,0.0
20251212 20:16,AAPL,put,350.0,2026-01-02,78.84,0.0,0.0,nan,0,1.0000000000000003e-05,0.0,0.0,0.0,0.0
20251212 20:16,AAPL,call,355.0,2026-01-02,0.01,0.0,0.0,2.0,3.0,0.2500075,0.0,0.0,0.0,0.0
20251212 20:16,AAPL,call,400.0,2026-01-02,0.11,0.0,0.0,nan,2.0,0.2500075,0.0,0.0,0.0,0.0
20251212 20:16,AAPL,call,150.0,2026-01-09,135.54,0.0,0.0,4.0,4,1.0000000000000003e-05,0.0,0.0,0.0,0.0
20251212 20:16,AAPL,call,170.0,2026-01-09,111.4,0.0,0.0,1.0,1,1.0000000000000003e-05,0.0,0.0,0.0,0.0
20251212 20:16,AAPL,put,185.0,2026-01-09,0.05,0.0,0.0,2.0,3,0.2500075,0.0,0.0,0.0,0.0
20251212 20:16,AAPL,call,190.0,2026-01-09,90.59,0.0,0.0,nan,1,1.0000000000000003e-05,0.0,0.0,0.0,0.0
20251212 20:16,AAPL,call,195.0,2026-01-09,83.73,0.0,0.0,2.0,4,1.0000000000000003e-05,0.0,0.0,0.0,0.0
20251212 20:16,AAPL,put,195.0,2026-01-09,0.07,0.0,0.0,nan,1,0.2500075,0.0,0.0,0.0,0.0
20251212 20:16,AAPL,call,200.0,2026-01-09,79.95,0.0,0.0,1.0,3,1.0000000000000003e-05,0.0,0.0,0.0,0.0
20251212 20:16,AAPL,put,200.0,2026-01-09,0.02,0.0,0.0,21.0,21,0.2500075,0.0,0.0,0.0,0.0
20251212 20:16,AAPL,put,205.0,2026-01-09,0.05,0.0,0.0,10.0,10,0.2500075,0.0,0.0,0.0,0.0
20251212 20:16,AAPL,call,210.0,2026-01-09,69.66,0.0,0.0,1.0,3,1.0000000000000003e-05,0.0,0.0,0.0,0.0
20251212 20:16,AAPL,put,210.0,2026-01-09,0.04,0.0,0.0,1.0,13,0.2500075,0.0,0.0,0.0,0.0
20251212 20:16,AAPL,put,215.0,2026-01-09,0.05,0.0,0.0,1.0,23,0.2500075,0.0,0.0,0.0,0.0
20251212 20:16,AAPL,call,220.0,2026-01-09,61.79,0.0,0.0,2.0,25,1.0000000000000003e-05,0.0,0.0,0.0,0.0
20251212 20:16,AAPL,put,220.0,2026-01-09,0.11,0.0,0.0,8.0,29,0.12500875,0.0,0.0,0.0,0.0
20251212 20:16,AAPL,call,225.0,2026-01-09,54.08,0.0,0.0,3.0,122,1.0000000000000003e-05,0.0,0.0,0.0,0.0
20251212 20:16,AAPL,put,225.0,2026-01-09,0.1,0.0,0.0,1.0,19,0.12500875,0.0,0.0,0.0,0.0
20251212 20:16,AAPL,call,230.0,2026-01-09,48.85,0.0,0.0,1.0,11,1.0000000000000003e-05,0.0,0.0,0.0,0.0
20251212 20:16,AAPL,put,230.0,2026-01-09,0.12,0.0,0.0,14.0,57,0.12500875,0.0,0.0,0.0,0.0
20251212 20:16,AAPL,call,235.0,2026-01-09,45.15,0.0,0.0,11.0,253,1.0000000000000003e-05,0.0,0.0,0.0,0.0
20251212 20:16,AAPL,put,235.0,2026-01-09,0.19,0.0,0.0,40.0,90,0.12500875,0.0,0.0,0.0,0.0
20251212 20:16,AAPL,call,240.0,2026-01-09,38.72,0.0,0.0,6.0,19,1.0000000000000003e-05,0.0,0.0,0.0,0.0
20251212 20:16,AAPL,put,240.0,2026-01-09,0.27,0.0,0.0,10.0,77,0.12500875,0.0,0.0,0.0,0.0
20251212 20:16,AAPL,call,245.0,2026-01-09,35.0,0.0,0.0,1.0,149,1.0000000000000003e-05,0.0,0.0,0.0,0.0
20251212 20:16,AAPL,put,245.0,2026-01-09,0.33,0.0,0.0,20.0,199,0.12500875,0.0,0.0,0.0,0.0
20251212 20:16,AAPL,call,250.0,2026-01-09,29.18,0.0,0.0,10.0,56,1.0000000000000003e-05,0.0,0.0,0.0,0.0
20251212 20:16,AAPL,put,250.0,2026-01-09,0.51,0.0,0.0,36.0,330,0.062509375,0.0,0.0,0.0,0.0
20251212 20:16,AAPL,call,255.0,2026-01-09,24.4,0.0,0.0,7.0,76,1.0000000000000003e-05,0.0,0.0,0.0,0.0
20251212 20:16,AAPL,put,255.0,2026-01-09,0.7,0.0,0.0,118.0,544,0.062509375,0.0,0.0,0.0,0.0
20251212 20:16,AAPL,call,260.0,2026-01-09,20.15,0.0,0.0,7.0,52,1.0000000000000003e-05,0.0,0.0,0.0,0.0
20251212 20:16,AAPL,put,260.0,2026-01-09,1.08,0.0,0.0,94.0,716,0.062509375,0.0,0.0,0.0,0.0
20251212 20:16,AAPL,call,265.0,2026-01-09,15.74,0.0,0.0,117.0,230,1.0000000000000003e-05,0.0,0.0,0.0,0.0
20251212 20:16,AAPL,put,265.0,2026-01-09,1.74,0.0,0.0,142.0,560,0.0312596875,0.0,0.0,0.0,0.0
20251212 20:16,AAPL,call,270.0,2026-01-09,11.4,0.0,0.0,138.0,138,1.0000000000000003e-05,0.0,0.0,0.0,0.0
20251212 20:16,AAPL,put,270.0,2026-01-09,2.63,0.0,0.0,243.0,1103,0.0312596875,0.0,0.0,0.0,0.0
20251212 20:16,AAPL,call,275.0,2026-01-09,8.25,0.0,0.0,428.0,1039,1.0000000000000003e-05,0.0,0.0,0.0,0.0
20251212 20:16,AAPL,put,275.0,2026-01-09,4.25,0.0,0.0,1798.0,1759,0.007822421875,0.0,0.0,0.0,0.0
20251212 20:16,AAPL,call,280.0,2026-01-09,5.35,0.0,0.0,1401.0,1531,0.007822421875,0.0,0.0,0.0,0.0
20251212 20:16,AAPL,put,280.0,2026-01-09,6.45,0.0,0.0,266.0,537,1.0000000000000003e-05,0.0,0.0,0.0,0.0
20251212 20:16,AAPL,call,285.0,2026-01-09,3.15,0.0,0.0,440.0,1250,0.015634843750000002,0.0,0.0,0.0,0.0
20251212 20:16,AAPL,put,285.0,2026-01-09,9.6,0.0,0.0,30.0,190,1.0000000000000003e-05,0.0,0.0,0.0,0.0
20251212 20:16,AAPL,call,290.0,2026-01-09,1.83,0.0,0.0,714.0,4458,0.0312596875,0.0,0.0,0.0,0.0
20251212 20:16,AAPL,put,290.0,2026-01-09,13.2,0.0,0.0,9.0,181,1.0000000000000003e-05,0.0,0.0,0.0,0.0
20251212 20:16,AAPL,call,295.0,2026-01-09,1.0,0.0,0.0,163.0,2126,0.062509375,0.0,0.0,0.0,0.0
20251212 20:16,AAPL,put,295.0,2026-01-09,18.0,0.0,0.0,3.0,198,1.0000000000000003e-05,0.0,0.0,0.0,0.0
20251212 20:16,AAPL,call,300.0,2026-01-09,0.52,0.0,0.0,433.0,1931,0.062509375,0.0,0.0,0.0,0.0
20251212 20:16,AAPL,put,300.0,2026-01-09,23.07,0.0,0.0,2.0,46,1.0000000000000003e-05,0.0,0.0,0.0,0.0
20251212 20:16,AAPL,call,305.0,2026-01-09,0.26,0.0,0.0,100.0,973,0.062509375,0.0,0.0,0.0,0.0
20251212 20:16,AAPL,put,305.0,2026-01-09,27.5,0.0,0.0,2.0,0,1.0000000000000003e-05,0.0,0.0,0.0,0.0
20251212 20:16,AAPL,call,310.0,2026-01-09,0.15,0.0,0.0,36.0,343,0.062509375,0.0,0.0,0.0,0.0
20251212 20:16,AAPL,put,310.0,2026-01-09,30.9,0.0,0.0,2.0,0,1.0000000000000003e-05,0.0,0.0,0.0,0.0
20251212 20:16,AAPL,call,315.0,2026-01-09,0.09,0.0,0.0,12.0,521,0.12500875,0.0,0.0,0.0,0.0
20251212 20:16,AAPL,call,320.0,2026-01-09,0.04,0.0,0.0,2.0,205,0.12500875,0.0,0.0,0.0,0.0
20251212 20:16,AAPL,call,325.0,2026-01-09,0.08,0.0,0.0,10.0,128,0.12500875,0.0,0.0,0.0,0.0
20251212 20:16,AAPL,call,330.0,2026-01-09,0.02,0.0,0.0,103.0,137,0.12500875,0.0,0.0,0.0,0.0
20251212 20:16,AAPL,put,330.0,2026-01-09,44.1,0.0,0.0,nan,0,1.0000000000000003e-05,0.0,0.0,0.0,0.0
20251212 20:16,AAPL,call,335.0,2026-01-09,0.02,0.0,0.0,1.0,96,0.12500875,0.0,0.0,0.0,0.0
20251212 20:16,AAPL,call,340.0,2026-01-09,0.04,0.0,0.0,4.0,28,0.12500875,0.0,0.0,0.0,0.0
20251212 20:16,AAPL,call,345.0,2026-01-09,0.02,0.0,0.0,1.0,505,0.12500875,0.0,0.0,0.0,0.0
20251212 20:16,AAPL,call,350.0,2026-01-09,0.01,0.0,0.0,1.0,500,0.12500875,0.0,0.0,0.0,0.0
20251212 20:16,AAPL,call,370.0,2026-01-09,0.01,0.0,0.0,1.0,1,0.2500075,0.0,0.0,0.0,0.0
20251212 20:16,AAPL,call,375.0,2026-01-09,0.01,0.0,0.0,8.0,7,0.2500075,0.0,0.0,0.0,0.0
20251212 20:16,AAPL,call,380.0,2026-01-09,0.02,0.0,0.0,3.0,3,0.2500075,0.0,0.0,0.0,0.0
20251212 20:16,AAPL,put,385.0,2026-01-09,106.08,0.0,0.0,4.0,0,1.0000000000000003e-05,0.0,0.0,0.0,0.0
20251212 20:16,AAPL,put,390.0,2026-01-09,109.52,0.0,0.0,nan,0,1.0000000000000003e-05,0.0,0.0,0.0,0.0
20251212 20:16,AAPL,call,400.0,2026-01-09,0.2,0.0,0.0,nan,1,0.2500075,0.0,0.0,0.0,0.0
20251212 20:16,AAPL,call,5.0,2026-01-16,275.7,0.0,0.0,2,30,1.0000000000000003e-05,0.0,0.0,0.0,0.0
20251212 20:16,AAPL,put,5.0,2026-01-16,0.01,0.0,0.0,1.0,13664,0.500005,0.0,0.0,0.0,0.0
20251212 20:16,AAPL,call,10.0,2026-01-16,264.65,0.0,0.0,1,1,1.0000000000000003e-05,0.0,0.0,0.0,0.0
20251212 20:16,AAPL,put,10.0,2026-01-16,0.01,0.0,0.01,1.0,2191,3.1250021875,0.0,0.0,0.0,0.0
20251212 20:16,AAPL,call,15.0,2026-01-16,252.05,0.0,0.0,80,0,1.0000000000000003e-05,0.0,0.0,0.0,0.0
20251212 20:16,AAPL,put,15.0,2026-01-16,0.01,0.0,0.02,1.0,128,2.906252734375,0.0,0.0,0.0,0.0
20251212 20:16,AAPL,call,20.0,2026-01-16,247.35,0.0,0.0,80,26,1.0000000000000003e-05,0.0,0.0,0.0,0.0
20251212 20:16,AAPL,put,20.0,2026-01-16,0.01,0.0,0.01,5.0,520,2.50000375,0.0,0.0,0.0,0.0
20251212 20:16,AAPL,call,25.0,2026-01-16,250.05,0.0,0.0,2,13,1.0000000000000003e-05,0.0,0.0,0.0,0.0
20251212 20:16,AAPL,put,25.0,2026-01-16,0.01,0.0,0.0,7.0,17,0.500005,0.0,0.0,0.0,0.0
20251212 20:16,AAPL,call,30.0,2026-01-16,249.09,0.0,0.0,2,135,1.0000000000000003e-05,0.0,0.0,0.0,0.0
20251212 20:16,AAPL,put,30.0,2026-01-16,0.01,0.0,0.11,3.0,2367,2.5468786328124997,0.0,0.0,0.0,0.0
20251212 20:16,AAPL,call,35.0,2026-01-16,221.72,231.75,235.15,1,43,1.0000000000000003e-05,0.0,0.0,0.0,0.0
20251212 20:16,AAPL,put,35.0,2026-01-16,0.01,0.0,0.1,10.0,152,2.3437541406249993,0.0,0.0,0.0,0.0
20251212 20:16,AAPL,call,40.0,2026-01-16,223.28,235.75,239.3,2,27,3.345704760742187,0.0,0.0,0.0,0.0
20251212 20:16,AAPL,put,40.0,2026-01-16,0.01,0.0,0.1,5.0,1016,2.1953170117187497,0.0,0.0,0.0,0.0
20251212 20:16,AAPL,call,45.0,2026-01-16,197.13,213.05,215.15,1,92,1.0000000000000003e-05,0.0,0.0,0.0,0.0
20251212 20:16,AAPL,put,45.0,2026-01-16,0.02,0.0,0.02,1.0,2381,1.78125109375,0.0,0.0,0.0,0.0
20251212 20:16,AAPL,call,50.0,2026-01-16,227.04,0.0,0.0,1,1339,1.0000000000000003e-05,0.0,0.0,0.0,0.0
20251212 20:16,AAPL,put,50.0,2026-01-16,0.01,0.0,0.01,1.0,6165,1.625001875,0.0,0.0,0.0,0.0
20251212 20:16,AAPL,call,55.0,2026-01-16,213.39,0.0,0.0,1,292,1.0000000000000003e-05,0.0,0.0,0.0,0.0
20251212 20:16,AAPL,put,55.0,2026-01-16,0.01,0.0,0.0,15.0,866,0.500005,0.0,0.0,0.0,0.0
20251212 20:16,AAPL,call,60.0,2026-01-16,171.17,195.05,197.3,1,379,1.0000000000000003e-05,0.0,0.0,0.0,0.0
20251212 20:16,AAPL,put,60.0,2026-01-16,0.01,0.0,0.0,10.0,1808,0.500005,0.0,0.0,0.0,0.0
20251212 20:16,AAPL,call,65.0,2026-01-16,196.6,211.25,214.45,1,82,2.5585973535156246,0.0,0.0,0.0,0.0
20251212 20:16,AAPL,put,65.0,2026-01-16,0.01,0.0,0.13,1.0,5734,1.69140779296875,0.0,0.0,0.0,0.0
20251212 20:16,AAPL,call,70.0,2026-01-16,180.48,204.65,207.9,45,172,1.0000000000000003e-05,0.0,0.0,0.0,0.0
20251212 20:16,AAPL,put,70.0,2026-01-16,0.01,0.0,0.0,1.0,2823,0.500005,0.0,0.0,0.0,0.0
20251212 20:16,AAPL,call,75.0,2026-01-16,182.23,192.1,195.5,2,268,1.0000000000000003e-05,0.0,0.0,0.0,0.0
20251212 20:16,AAPL,put,75.0,2026-01-16,0.01,0.0,0.0,29.0,3753,0.500005,0.0,0.0,0.0,0.0
20251212 20:16,AAPL,call,80.0,2026-01-16,199.93,0.0,0.0,56,442,1.0000000000000003e-05,0.0,0.0,0.0,0.0
20251212 20:16,AAPL,put,80.0,2026-01-16,0.01,0.0,0.0,33.0,2477,0.500005,0.0,0.0,0.0,0.0
20251212 20:16,AAPL,call,85.0,2026-01-16,190.56,0.0,0.0,2,230,1.0000000000000003e-05,0.0,0.0,0.0,0.0
20251212 20:16,AAPL,put,85.0,2026-01-16,0.01,0.0,0.0,6.0,1799,0.500005,0.0,0.0,0.0,0.0
20251212 20:16,AAPL,call,90.0,2026-01-16,185.57,0.0,0.0,2,214,1.0000000000000003e-05,0.0,0.0,0.0,0.0
20251212 20:16,AAPL,put,90.0,2026-01-16,0.01,0.0,0.0,50.0,1910,0.500005,0.0,0.0,0.0,0.0
20251212 20:16,AAPL,call,95.0,2026-01-16,183.1,0.0,0.0,12,103,1.0000000000000003e-05,0.0,0.0,0.0,0.0
20251212 20:16,AAPL,put,95.0,2026-01-16,0.01,0.0,0.0,3.0,6035,0.500005,0.0,0.0,0.0,0.0
20251212 20:16,AAPL,call,100.0,2026-01-16,178.5,0.0,0.0,1,1954,1.0000000000000003e-05,0.0,0.0,0.0,0.0
20251212 20:16,AAPL,put,100.0,2026-01-16,0.01,0.0,0.0,1.0,6926,0.500005,0.0,0.0,0.0,0.0
20251212 20:16,AAPL,call,105.0,2026-01-16,180.15,0.0,0.0,2,200,1.0000000000000003e-05,0.0,0.0,0.0,0.0
20251212 20:16,AAPL,put,105.0,2026-01-16,0.01,0.0,0.0,32.0,5273,0.500005,0.0,0.0,0.0,0.0
20251212 20:16,AAPL,call,110.0,2026-01-16,169.39,0.0,0.0,150,351,1.0000000000000003e-05,0.0,0.0,0.0,0.0
20251212 20:16,AAPL,put,110.0,2026-01-16,0.01,0.0,0.0,2.0,2928,0.500005,0.0,0.0,0.0,0.0
20251212 20:16,AAPL,call,115.0,2026-01-16,153.23,0.0,0.0,1,290,1.0000000000000003e-05,0.0,0.0,0.0,0.0
20251212 20:16,AAPL,put,115.0,2026-01-16,0.01,0.0,0.0,1.0,1349,0.500005,0.0,0.0,0.0,0.0
20251212 20:16,AAPL,call,120.0,2026-01-16,162.86,0.0,0.0,1,797,1.0000000000000003e-05,0.0,0.0,0.0,0.0
20251212 20:16,AAPL,put,120.0,2026-01-16,0.01,0.0,0.0,1.0,3596,0.500005,0.0,0.0,0.0,0.0
20251212 20:16,AAPL,call,125.0,2026-01-16,154.68,0.0,0.0,1,921,1.0000000000000003e-05,0.0,0.0,0.0,0.0
20251212 20:16,AAPL,put,125.0,2026-01-16,0.01,0.0,0.0,5.0,3277,0.500005,0.0,0.0,0.0,0.0
20251212 20:16,AAPL,call,130.0,2026-01-16,148.76,0.0,0.0,1,617,1.0000000000000003e-05,0.0,0.0,0.0,0.0
20251212 20:16,AAPL,put,130.0,2026-01-16,0.01,0.0,0.0,2.0,9383,0.500005,0.0,0.0,0.0,0.0
20251212 20:16,AAPL,call,135.0,2026-01-16,146.21,0.0,0.0,10,286,1.0000000000000003e-05,0.0,0.0,0.0,0.0
20251212 20:16,AAPL,put,135.0,2026-01-16,0.01,0.0,0.0,20.0,4028,0.500005,0.0,0.0,0.0,0.0
20251212 20:16,AAPL,call,140.0,2026-01-16,138.61,0.0,0.0,4,956,1.0000000000000003e-05,0.0,0.0,0.0,0.0
20251212 20:16,AAPL,put,140.0,2026-01-16,0.01,0.0,0.0,479.0,4446,0.500005,0.0,0.0,0.0,0.0
20251212 20:16,AAPL,call,145.0,2026-01-16,136.36,0.0,0.0,1,362,1.0000000000000003e-05,0.0,0.0,0.0,0.0
20251212 20:16,AAPL,put,145.0,2026-01-16,0.01,0.0,0.0,142.0,4639,0.500005,0.0,0.0,0.0,0.0
20251212 20:16,AAPL,call,150.0,2026-01-16,128.53,0.0,0.0,5,57108,1.0000000000000003e-05,0.0,0.0,0.0,0.0
20251212 20:16,AAPL,put,150.0,2026-01-16,0.01,0.0,0.0,163.0,63403,0.500005,0.0,0.0,0.0,0.0
20251212 20:16,AAPL,call,155.0,2026-01-16,130.23,0.0,0.0,2,2237,1.0000000000000003e-05,0.0,0.0,0.0,0.0
20251212 20:16,AAPL,put,155.0,2026-01-16,0.01,0.0,0.0,111.0,6233,0.500005,0.0,0.0,0.0,0.0
20251212 20:16,AAPL,call,160.0,2026-01-16,116.9,0.0,0.0,10,10438,1.0000000000000003e-05,0.0,0.0,0.0,0.0
20251212 20:16,AAPL,put,160.0,2026-01-16,0.01,0.0,0.0,103.0,14603,0.2500075,0.0,0.0,0.0,0.0
20251212 20:16,AAPL,call,165.0,2026-01-16,114.53,0.0,0.0,2,6193,1.0000000000000003e-05,0.0,0.0,0.0,0.0
20251212 20:16,AAPL,put,165.0,2026-01-16,0.01,0.0,0.0,5.0,14840,0.2500075,0.0,0.0,0.0,0.0
20251212 20:16,AAPL,call,170.0,2026-01-16,109.05,0.0,0.0,11,5087,1.0000000000000003e-05,0.0,0.0,0.0,0.0
20251212 20:16,AAPL,put,170.0,2026-01-16,0.01,0.0,0.0,15.0,27486,0.2500075,0.0,0.0,0.0,0.0
20251212 20:16,AAPL,call,175.0,2026-01-16,104.93,0.0,0.0,2,16730,1.0000000000000003e-05,0.0,0.0,0.0,0.0
20251212 20:16,AAPL,put,175.0,2026-01-16,0.01,0.0,0.0,19.0,25047,0.2500075,0.0,0.0,0.0,0.0
20251212 20:16,AAPL,call,180.0,2026-01-16,98.81,0.0,0.0,2,43907,1.0000000000000003e-05,0.0,0.0,0.0,0.0
20251212 20:16,AAPL,put,180.0,2026-01-16,0.02,0.0,0.0,76.0,61305,0.2500075,0.0,0.0,0.0,0.0
20251212 20:16,AAPL,call,185.0,2026-01-16,93.5,0.0,0.0,11,6805,1.0000000000000003e-05,0.0,0.0,0.0,0.0
20251212 20:16,AAPL,put,185.0,2026-01-16,0.02,0.0,0.0,98.0,16656,0.2500075,0.0,0.0,0.0,0.0
20251212 20:16,AAPL,call,190.0,2026-01-16,89.0,0.0,0.0,38,3951,1.0000000000000003e-05,0.0,0.0,0.0,0.0
20251212 20:16,AAPL,put,190.0,2026-01-16,0.02,0.0,0.0,49.0,16433,0.2500075,0.0,0.0,0.0,0.0
20251212 20:16,AAPL,call,195.0,2026-01-16,85.19,0.0,0.0,10,8012,1.0000000000000003e-05,0.0,0.0,0.0,0.0
20251212 20:16,AAPL,put,195.0,2026-01-16,0.03,0.0,0.0,2.0,17951,0.2500075,0.0,0.0,0.0,0.0
20251212 20:16,AAPL,call,200.0,2026-01-16,78.3,0.0,0.0,143,21763,1.0000000000000003e-05,0.0,0.0,0.0,0.0
20251212 20:16,AAPL,put,200.0,2026-01-16,0.04,0.0,0.0,127.0,43621,0.2500075,0.0,0.0,0.0,0.0
20251212 20:16,AAPL,call,205.0,2026-01-16,73.83,0.0,0.0,12,6507,1.0000000000000003e-05,0.0,0.0,0.0,0.0
20251212 20:16,AAPL,put,205.0,2026-01-16,0.04,0.0,0.0,27.0,15325,0.2500075,0.0,0.0,0.0,0.0
20251212 20:16,AAPL,call,210.0,2026-01-16,68.85,0.0,0.0,55,13975,1.0000000000000003e-05,0.0,0.0,0.0,0.0
20251212 20:16,AAPL,put,210.0,2026-01-16,0.06,0.0,0.0,29.0,35424,0.2500075,0.0,0.0,0.0,0.0
20251212 20:16,AAPL,call,215.0,2026-01-16,63.73,0.0,0.0,15,13273,1.0000000000000003e-05,0.0,0.0,0.0,0.0
20251212 20:16,AAPL,put,215.0,2026-01-16,0.08,0.0,0.0,123.0,17161,0.12500875,0.0,0.0,0.0,0.0
20251212 20:16,AAPL,call,220.0,2026-01-16,59.17,0.0,0.0,2829,13718,1.0000000000000003e-05,0.0,0.0,0.0,0.0
20251212 20:16,AAPL,put,220.0,2026-01-16,0.1,0.0,0.0,2784.0,22244,0.12500875,0.0,0.0,0.0,0.0
20251212 20:16,AAPL,call,225.0,2026-01-16,54.18,0.0,0.0,412,24582,1.0000000000000003e-05,0.0,0.0,0.0,0.0
20251212 20:16,AAPL,put,225.0,2026-01-16,0.14,0.0,0.0,11.0,14979,0.12500875,0.0,0.0,0.0,0.0
20251212 20:16,AAPL,call,230.0,2026-01-16,49.1,0.0,0.0,1793,20726,1.0000000000000003e-05,0.0,0.0,0.0,0.0
20251212 20:16,AAPL,put,230.0,2026-01-16,0.19,0.0,0.0,1771.0,27082,0.12500875,0.0,0.0,0.0,0.0
20251212 20:16,AAPL,call,235.0,2026-01-16,44.24,0.0,0.0,67,25560,1.0000000000000003e-05,0.0,0.0,0.0,0.0
20251212 20:16,AAPL,put,235.0,2026-01-16,0.26,0.0,0.0,41.0,15342,0.12500875,0.0,0.0,0.0,0.0
20251212 20:16,AAPL,call,240.0,2026-01-16,39.7,0.0,0.0,71,28648,1.0000000000000003e-05,0.0,0.0,0.0,0.0
20251212 20:16,AAPL,put,240.0,2026-01-16,0.36,0.0,0.0,271.0,21727,0.12500875,0.0,0.0,0.0,0.0
20251212 20:16,AAPL,call,245.0,2026-01-16,34.64,0.0,0.0,174,18220,1.0000000000000003e-05,0.0,0.0,0.0,0.0
20251212 20:16,AAPL,put,245.0,2026-01-16,0.52,0.0,0.0,312.0,11052,0.062509375,0.0,0.0,0.0,0.0
20251212 20:16,AAPL,call,250.0,2026-01-16,29.71,0.0,0.0,272,47865,1.0000000000000003e-05,0.0,0.0,0.0,0.0
20251212 20:16,AAPL,put,250.0,2026-01-16,0.73,0.0,0.0,1286.0,28576,0.062509375,0.0,0.0,0.0,0.0
20251212 20:16,AAPL,call,255.0,2026-01-16,25.1,0.0,0.0,52,32059,1.0000000000000003e-05,0.0,0.0,0.0,0.0
20251212 20:16,AAPL,put,255.0,2026-01-16,1.03,0.0,0.0,1346.0,13475,0.062509375,0.0,0.0,0.0,0.0
20251212 20:16,AAPL,call,260.0,2026-01-16,20.88,0.0,0.0,1254,61919,1.0000000000000003e-05,0.0,0.0,0.0,0.0
20251212 20:16,AAPL,put,260.0,2026-01-16,1.51,0.0,0.0,2088.0,19455,0.062509375,0.0,0.0,0.0,0.0
20251212 20:16,AAPL,call,265.0,2026-01-16,16.5,0.0,0.0,119,33344,1.0000000000000003e-05,0.0,0.0,0.0,0.0
20251212 20:16,AAPL,put,265.0,2026-01-16,2.32,0.0,0.0,1473.0,13531,0.0312596875,0.0,0.0,0.0,0.0
20251212 20:16,AAPL,call,270.0,2026-01-16,12.46,0.0,0.0,336,86078,1.0000000000000003e-05,0.0,0.0,0.0,0.0
20251212 20:16,AAPL,put,270.0,2026-01-16,3.38,0.0,0.0,1927.0,18541,0.015634843750000002,0.0,0.0,0.0,0.0
20251212 20:16,AAPL,call,275.0,2026-01-16,9.3,0.0,0.0,1666,19522,1.0000000000000003e-05,0.0,0.0,0.0,0.0
20251212 20:16,AAPL,put,275.0,2026-01-16,5.09,0.0,0.0,1646.0,16691,0.007822421875,0.0,0.0,0.0,0.0
20251212 20:16,AAPL,call,280.0,2026-01-16,6.39,0.0,0.0,4321,40623,0.007822421875,0.0,0.0,0.0,0.0
20251212 20:16,AAPL,put,280.0,2026-01-16,7.3,0.0,0.0,839.0,5089,1.0000000000000003e-05,0.0,0.0,0.0,0.0
20251212 20:16,AAPL,call,285.0,2026-01-16,4.25,0.0,0.0,3124,29384,0.015634843750000002,0.0,0.0,0.0,0.0
20251212 20:16,AAPL,put,285.0,2026-01-16,10.25,0.0,0.0,200.0,5817,1.0000000000000003e-05,0.0,0.0,0.0,0.0
20251212 20:16,AAPL,call,290.0,2026-01-16,2.58,0.0,0.0,7100,52160,0.0312596875,0.0,0.0,0.0,0.0
20251212 20:16,AAPL,put,290.0,2026-01-16,13.4,0.0,0.0,39.0,1184,1.0000000000000003e-05,0.0,0.0,0.0,0.0
20251212 20:16,AAPL,call,295.0,2026-01-16,1.58,0.0,0.0,3633,22635,0.0312596875,0.0,0.0,0.0,0.0
20251212 20:16,AAPL,put,295.0,2026-01-16,17.91,0.0,0.0,20.0,1142,1.0000000000000003e-05,0.0,0.0,0.0,0.0
20251212 20:16,AAPL,call,300.0,2026-01-16,0.93,0.0,0.0,5920,57743,0.062509375,0.0,0.0,0.0,0.0
20251212 20:16,AAPL,put,300.0,2026-01-16,23.96,0.0,0.0,13.0,1175,1.0000000000000003e-05,0.0,0.0,0.0,0.0
20251212 20:16,AAPL,call,305.0,2026-01-16,0.54,0.0,0.0,1755,11699,0.062509375,0.0,0.0,0.0,0.0
20251212 20:16,AAPL,put,305.0,2026-01-16,28.8,0.0,0.0,5.0,5,1.0000000000000003e-05,0.0,0.0,0.0,0.0
20251212 20:16,AAPL,call,310.0,2026-01-16,0.3,0.0,0.0,906,57248,0.062509375,0.0,0.0,0.0,0.0
20251212 20:16,AAPL,put,310.0,2026-01-16,32.05,0.0,0.0,194.0,27,1.0000000000000003e-05,0.0,0.0,0.0,0.0
20251212 20:16,AAPL,call,315.0,2026-01-16,0.19,0.0,0.0,724,11768,0.062509375,0.0,0.0,0.0,0.0
20251212 20:16,AAPL,put,315.0,2026-01-16,36.1,0.0,0.0,1.0,0,1.0000000000000003e-05,0.0,0.0,0.0,0.0
20251212 20:16,AAPL,call,320.0,2026-01-16,0.11,0.0,0.0,261,14126,0.12500875,0.0,0.0,0.0,0.0
20251212 20:16,AAPL,put,320.0,2026-01-16,42.32,0.0,0.0,3.0,1,1.0000000000000003e-05,0.0,0.0,0.0,0.0
20251212 20:16,AAPL,call,325.0,2026-01-16,0.06,0.0,0.0,101,3112,0.12500875,0.0,0.0,0.0,0.0
20251212 20:16,AAPL,put,325.0,2026-01-16,44.82,0.0,0.0,nan,0,1.0000000000000003e-05,0.0,0.0,0.0,0.0
20251212 20:16,AAPL,call,330.0,2026-01-16,0.05,0.0,0.0,39,9167,0.12500875,0.0,0.0,0.0,0.0
20251212 20:16,AAPL,put,330.0,2026-01-16,48.73,0.0,0.0,1.0,0,1.0000000000000003e-05,0.0,0.0,0.0,0.0
20251212 20:16,AAPL,call,335.0,2026-01-16,0.03,0.0,0.0,4,443,0.12500875,0.0,0.0,0.0,0.0
20251212 20:16,AAPL,put,335.0,2026-01-16,53.75,0.0,0.0,1.0,0,1.0000000000000003e-05,0.0,0.0,0.0,0.0
20251212 20:16,AAPL,call,340.0,2026-01-16,0.03,0.0,0.0,200,5032,0.12500875,0.0,0.0,0.0,0.0
20251212 20:16,AAPL,put,340.0,2026-01-16,54.5,0.0,0.0,2.0,0,1.0000000000000003e-05,0.0,0.0,0.0,0.0
20251212 20:16,AAPL,call,350.0,2026-01-16,0.02,0.0,0.0,11,12344,0.12500875,0.0,0.0,0.0,0.0
20251212 20:16,AAPL,put,350.0,2026-01-16,94.24,0.0,0.0,25.0,0,1.0000000000000003e-05,0.0,0.0,0.0,0.0
20251212 20:16,AAPL,call,360.0,2026-01-16,0.02,0.0,0.0,5,2445,0.12500875,0.0,0.0,0.0,0.0
20251212 20:16,AAPL,put,360.0,2026-01-16,82.15,0.0,0.0,22.0,3,1.0000000000000003e-05,0.0,0.0,0.0,0.0
20251212 20:16,AAPL,call,370.0,2026-01-16,0.01,0.0,0.0,11,3193,0.2500075,0.0,0.0,0.0,0.0
20251212 20:16,AAPL,put,370.0,2026-01-16,86.57,0.0,0.0,2.0,0,1.0000000000000003e-05,0.0,0.0,0.0,0.0
20251212 20:16,AAPL,call,380.0,2026-01-16,0.01,0.0,0.0,547,8090,0.2500075,0.0,0.0,0.0,0.0
20251212 20:16,AAPL,call,390.0,2026-01-16,0.01,0.0,0.0,11,14682,0.2500075,0.0,0.0,0.0,0.0
20251212 20:16,AAPL,put,390.0,2026-01-16,116.3,0.0,0.0,14.0,0,1.0000000000000003e-05,0.0,0.0,0.0,0.0
20251212 20:16,AAPL,call,400.0,2026-01-16,0.01,0.0,0.0,2,774,0.2500075,0.0,0.0,0.0,0.0
20251212 20:16,AAPL,put,400.0,2026-01-16,117.67,0.0,0.0,4.0,0,1.0000000000000003e-05,0.0,0.0,0.0,0.0
20251212 20:16,AAPL,call,410.0,2026-01-16,0.01,0.0,0.0,5,297,0.2500075,0.0,0.0,0.0,0.0
20251212 20:16,AAPL,put,410.0,2026-01-16,125.3,0.0,0.0,2.0,0,1.0000000000000003e-05,0.0,0.0,0.0,0.0
20251212 20:16,AAPL,call,420.0,2026-01-16,0.01,0.0,0.0,1,1650,0.2500075,0.0,0.0,0.0,0.0
20251212 20:16,AAPL,put,420.0,2026-01-16,142.25,0.0,0.0,15.0,2,1.0000000000000003e-05,0.0,0.0,0.0,0.0
20251212 20:16,AAPL,call,430.0,2026-01-16,0.01,0.0,0.0,1,720,0.2500075,0.0,0.0,0.0,0.0
20251212 20:16,AAPL,put,430.0,2026-01-16,148.77,0.0,0.0,nan,0,1.0000000000000003e-05,0.0,0.0,0.0,0.0
20251212 20:16,AAPL,call,440.0,2026-01-16,0.01,0.0,0.0,36,4084,0.2500075,0.0,0.0,0.0,0.0
20251212 20:16,AAPL,call,450.0,2026-01-16,0.01,0.0,0.0,500,1716,0.2500075,0.0,0.0,0.0,0.0
20251212 20:16,AAPL,put,185.0,2026-01-23,0.07,0.0,0.0,1,1,0.2500075,0.0,0.0,0.0,0.0
20251212 20:16,AAPL,put,210.0,2026-01-23,0.15,0.0,0.0,1,7,0.12500875,0.0,0.0,0.0,0.0
20251212 20:16,AAPL,call,215.0,2026-01-23,66.61,0.0,0.0,nan,2,1.0000000000000003e-05,0.0,0.0,0.0,0.0
20251212 20:16,AAPL,put,220.0,2026-01-23,0.17,0.0,0.0,1,34,0.12500875,0.0,0.0,0.0,0.0
20251212 20:16,AAPL,call,230.0,2026-01-23,51.04,0.0,0.0,14.0,11,1.0000000000000003e-05,0.0,0.0,0.0,0.0
20251212 20:16,AAPL,call,240.0,2026-01-23,39.71,0.0,0.0,2.0,529,1.0000000000000003e-05,0.0,0.0,0.0,0.0
20251212 20:16,AAPL,call,245.0,2026-01-23,34.83,0.0,0.0,140.0,346,1.0000000000000003e-05,0.0,0.0,0.0,0.0
20251212 20:16,AAPL,put,245.0,2026-01-23,0.7,0.0,0.0,46,103,0.062509375,0.0,0.0,0.0,0.0
20251212 20:16,AAPL,call,250.0,2026-01-23,26.9,0.0,0.0,3.0,14,1.0000000000000003e-05,0.0,0.0,0.0,0.0
20251212 20:16,AAPL,put,250.0,2026-01-23,0.95,0.0,0.0,77,94,0.062509375,0.0,0.0,0.0,0.0
20251212 20:16,AAPL,call,255.0,2026-01-23,25.67,0.0,0.0,1.0,10,1.0000000000000003e-05,0.0,0.0,0.0,0.0
20251212 20:16,AAPL,put,255.0,2026-01-23,1.33,0.0,0.0,73,340,0.062509375,0.0,0.0,0.0,0.0
20251212 20:16,AAPL,put,260.0,2026-01-23,1.92,0.0,0.0,91,368,0.0312596875,0.0,0.0,0.0,0.0
20251212 20:16,AAPL,call,265.0,2026-01-23,17.07,0.0,0.0,88.0,104,1.0000000000000003e-05,0.0,0.0,0.0,0.0
20251212 20:16,AAPL,put,265.0,2026-01-23,2.64,0.0,0.0,92,448,0.0312596875,0.0,0.0,0.0,0.0
20251212 20:16,AAPL,call,270.0,2026-01-23,13.35,0.0,0.0,55.0,64,1.0000000000000003e-05,0.0,0.0,0.0,0.0
20251212 20:16,AAPL,put,270.0,2026-01-23,3.83,0.0,0.0,142,136,0.015634843750000002,0.0,0.0,0.0,0.0
20251212 20:16,AAPL,call,275.0,2026-01-23,9.85,0.0,0.0,137.0,169,1.0000000000000003e-05,0.0,0.0,0.0,0.0
20251212 20:16,AAPL,put,275.0,2026-01-23,5.58,0.0,0.0,77,168,0.007822421875,0.0,0.0,0.0,0.0
20251212 20:16,AAPL,call,280.0,2026-01-23,7.15,0.0,0.0,352.0,520,0.0039162109375,0.0,0.0,0.0,0.0
20251212 20:16,AAPL,put,280.0,2026-01-23,7.6,0.0,0.0,15,85,1.0000000000000003e-05,0.0,0.0,0.0,0.0
20251212 20:16,AAPL,call,285.0,2026-01-23,4.85,0.0,0.0,247.0,1151,0.015634843750000002,0.0,0.0,0.0,0.0
20251212 20:16,AAPL,put,285.0,2026-01-23,11.38,0.0,0.0,10,45,1.0000000000000003e-05,0.0,0.0,0.0,0.0
20251212 20:16,AAPL,call,290.0,2026-01-23,3.08,0.0,0.0,1545.0,581,0.0312596875,0.0,0.0,0.0,0.0
20251212 20:16,AAPL,call,295.0,2026-01-23,2.0,0.0,0.0,151.0,560,0.0312596875,0.0,0.0,0.0,0.0
20251212 20:16,AAPL,call,300.0,2026-01-23,1.25,0.0,0.0,337.0,595,0.062509375,0.0,0.0,0.0,0.0
20251212 20:16,AAPL,put,300.0,2026-01-23,22.5,0.0,0.0,5,46,1.0000000000000003e-05,0.0,0.0,0.0,0.0
20251212 20:16,AAPL,call,305.0,2026-01-23,0.69,0.0,0.0,29.0,108,0.062509375,0.0,0.0,0.0,0.0
20251212 20:16,AAPL,put,305.0,2026-01-23,24.89,0.0,0.0,1,0,1.0000000000000003e-05,0.0,0.0,0.0,0.0
20251212 20:16,AAPL,call,310.0,2026-01-23,0.45,0.0,0.0,50.0,320,0.062509375,0.0,0.0,0.0,0.0
20251212 20:16,AAPL,put,320.0,2026-01-23,45.78,0.0,0.0,40,0,1.0000000000000003e-05,0.0,0.0,0.0,0.0
